# run_iris
Sample [6.3 2.7 4.9 1.8] expected [0. 0. 1.] produced [0.862855825551705, 0.7940856134659664, 0.7092295666756065]
Sample [5.1 2.5 3.  1.1] expected [0. 1. 0.] produced [0.8575213903852403, 0.7878425041467926, 0.7091542929619925]
Sample [5.5 2.4 3.7 1. ] expected [0. 1. 0.] produced [0.8550952460202577, 0.7883388520962544, 0.7046904073969528]
Sample [5.8 2.7 4.1 1. ] expected [0. 1. 0.] produced [0.8552168921976772, 0.7908214559014188, 0.7012680260236057]
Sample [4.9 2.4 3.3 1. ] expected [0. 1. 0.] produced [0.8506497558254549, 0.7892625281604916, 0.6955243845522145]
Sample [6.8 3.2 5.9 2.3] expected [0. 0. 1.] produced [0.8555872118256118, 0.7958497840054772, 0.6941939613684897]
Sample [6.  2.7 5.1 1.6] expected [0. 1. 0.] produced [0.8507209325700844, 0.7904722128256524, 0.6949847170456304]
Sample [6.7 3.3 5.7 2.1] expected [0. 0. 1.] produced [0.8515706695547103, 0.793489248710625, 0.6916077497971681]
Sample [6.1 2.6 5.6 1.4] expected [0. 0. 1.] produced [0.8457335749371591, 0.7874733678774865, 0.6921190376763217]
Sample [6.9 3.1 5.4 2.1] expected [0. 0. 1.] produced [0.8467018613625332, 0.7865984631265793, 0.6953903784353574]
Sample [4.8 3.1 1.6 0.2] expected [1. 0. 0.] produced [0.8391229559231984, 0.7788128553175114, 0.6943516831747514]
Sample [6.3 2.5 4.9 1.5] expected [0. 1. 0.] produced [0.8408983169647615, 0.7770446991536228, 0.6912560592034399]
Sample [5.  2.3 3.3 1. ] expected [0. 1. 0.] produced [0.8346385777476123, 0.7745118752291087, 0.6849102305626256]
Sample [5.6 2.8 4.9 2. ] expected [0. 0. 1.] produced [0.8389008587730077, 0.780586065450916, 0.6830754565465847]
Sample [4.7 3.2 1.3 0.2] expected [1. 0. 0.] produced [0.8328232280851593, 0.7741817942581938, 0.6828454566591668]
Sample [6.3 3.3 4.7 1.6] expected [0. 1. 0.] produced [0.838273062317654, 0.7747494170414388, 0.6810844921919633]
Sample [5.8 2.6 4.  1.2] expected [0. 1. 0.] produced [0.8311987292768381, 0.7722689983502072, 0.6746183038655923]
Sample [4.9 3.1 1.5 0.1] expected [1. 0. 0.] produced [0.8275360040326079, 0.7719991237915828, 0.6687502092807988]
Sample [5.7 2.6 3.5 1. ] expected [0. 1. 0.] produced [0.8282256215065986, 0.7690513805095079, 0.6649160591621062]
Sample [5.2 4.1 1.5 0.1] expected [1. 0. 0.] produced [0.8313705245802565, 0.7739140229414367, 0.6616904175387877]
Sample [5.2 3.5 1.5 0.2] expected [1. 0. 0.] produced [0.8290542275102044, 0.7684639461573708, 0.6558439241054668]
Sample [5.9 3.  4.2 1.5] expected [0. 1. 0.] produced [0.8307246907508132, 0.7659624242940505, 0.6519186040295032]
Sample [6.7 3.  5.  1.7] expected [0. 1. 0.] produced [0.8287132225608874, 0.767451940335616, 0.6471992465943712]
Sample [5.1 3.5 1.4 0.2] expected [1. 0. 0.] produced [0.8244049235668861, 0.7669133044881185, 0.6411816179161434]
Sample [6.4 3.2 4.5 1.5] expected [0. 1. 0.] produced [0.8271574655163776, 0.7651824101056003, 0.637483664888135]
Sample [5.6 3.  4.1 1.3] expected [0. 1. 0.] produced [0.8231336830188363, 0.7650742992374752, 0.6321053041366822]
Sample [4.3 3.  1.1 0.1] expected [1. 0. 0.] produced [0.8148864659118953, 0.7617718854169008, 0.6246059662002512]
Sample [5.8 2.8 5.1 2.4] expected [0. 0. 1.] produced [0.8224965039887527, 0.7637028317482043, 0.6226735500925823]
Sample [6.3 2.9 5.6 1.8] expected [0. 0. 1.] produced [0.8190417313632993, 0.7595370795373172, 0.6254938764672385]
Sample [6.1 2.9 4.7 1.4] expected [0. 1. 0.] produced [0.8150595782001245, 0.7549044384443375, 0.6281182766658862]
Sample [7.2 3.6 6.1 2.5] expected [0. 0. 1.] produced [0.8174000029055425, 0.7594710708179244, 0.6243301569951578]
Sample [6.7 3.1 4.4 1.4] expected [0. 1. 0.] produced [0.8103848312784191, 0.7529333530994872, 0.6263683119487252]
Sample [6.1 3.  4.6 1.4] expected [0. 1. 0.] produced [0.8070406036034846, 0.7537082370615188, 0.6212864742441893]
Sample [5.  3.3 1.4 0.2] expected [1. 0. 0.] produced [0.8018216079219023, 0.7530300957736948, 0.6152315778599898]
Sample [7.6 3.  6.6 2.1] expected [0. 0. 1.] produced [0.8061988934632238, 0.752276191816587, 0.6117228991316035]
Sample [6.5 3.2 5.1 2. ] expected [0. 0. 1.] produced [0.8040752912058867, 0.7488150170711886, 0.615008122232048]
Sample [6.  3.  4.8 1.8] expected [0. 0. 1.] produced [0.7994873931600411, 0.7438542906905833, 0.6177788185405443]
Sample [5.1 3.8 1.6 0.2] expected [1. 0. 0.] produced [0.7968966546991654, 0.7399028321221864, 0.6205175322082365]
Sample [7.1 3.  5.9 2.1] expected [0. 0. 1.] produced [0.7973799291401363, 0.73625135368356, 0.6159387771154838]
Sample [5.8 2.7 3.9 1.2] expected [0. 1. 0.] produced [0.789143219707945, 0.7288048416493298, 0.6178939516722863]
Sample [4.4 3.2 1.3 0.2] expected [1. 0. 0.] produced [0.786483569918215, 0.7299850195656464, 0.6123010108162635]
Sample [5.3 3.7 1.5 0.2] expected [1. 0. 0.] produced [0.7912121708906186, 0.7288033739092562, 0.6086492106491049]
Sample [5.  3.4 1.6 0.4] expected [1. 0. 0.] produced [0.7905064728133717, 0.7236968489129123, 0.6034270267122195]
Sample [4.9 2.5 4.5 1.7] expected [0. 0. 1.] produced [0.7887323763468005, 0.7180885965912165, 0.5985219495829822]
Sample [5.  2.  3.5 1. ] expected [0. 1. 0.] produced [0.7745375337168047, 0.7071339850435818, 0.5998555687275837]
Sample [6.1 3.  4.9 1.8] expected [0. 0. 1.] produced [0.7856175526785573, 0.7178241859577909, 0.597577115659703]
Sample [6.2 2.8 4.8 1.8] expected [0. 0. 1.] produced [0.7802169120288884, 0.712410530564008, 0.6005376445464307]
Sample [6.3 3.4 5.6 2.4] expected [0. 0. 1.] produced [0.7824950502243283, 0.7112845846636446, 0.6047045164922425]
Sample [7.7 2.6 6.9 2.3] expected [0. 0. 1.] produced [0.7709514818805142, 0.7027404612743606, 0.6065830737117893]
Sample [6.5 3.  5.2 2. ] expected [0. 0. 1.] produced [0.7708374087919068, 0.699956439780021, 0.6102479606400549]
Sample [6.2 2.2 4.5 1.5] expected [0. 1. 0.] produced [0.7546603568576618, 0.6888455802611786, 0.6110170629913374]
Sample [6.  3.4 4.5 1.6] expected [0. 1. 0.] produced [0.765561939615803, 0.698240302639415, 0.6088846748859411]
Sample [5.  3.4 1.5 0.2] expected [1. 0. 0.] produced [0.7579958642437398, 0.69758896726066, 0.6027522100150275]
Sample [5.9 3.2 4.8 1.8] expected [0. 1. 0.] produced [0.7618633656301063, 0.6951260267255749, 0.5989048100148963]
Sample [6.8 2.8 4.8 1.4] expected [0. 1. 0.] produced [0.7504300240806222, 0.6931600063108412, 0.5929180461651736]
Sample [4.4 3.  1.3 0.2] expected [1. 0. 0.] produced [0.7470792095797563, 0.6940928202608019, 0.5873121046394536]
Sample [7.7 3.  6.1 2.3] expected [0. 0. 1.] produced [0.7520234338624816, 0.6930137938797997, 0.5839987873086631]
Sample [6.3 3.3 6.  2.5] expected [0. 0. 1.] produced [0.7530005403275309, 0.6908098042283058, 0.5879899240270412]
Sample [6.9 3.1 4.9 1.5] expected [0. 1. 0.] produced [0.7420157091688303, 0.6827622222844512, 0.5904489843819889]
Sample [6.1 2.8 4.7 1.2] expected [0. 1. 0.] produced [0.7333726973783283, 0.6821908163204689, 0.5850779030426271]
Sample [6.4 2.9 4.3 1.3] expected [0. 1. 0.] produced [0.7303487631300623, 0.6846810474431648, 0.580521871479797]
Sample [5.  3.  1.6 0.2] expected [1. 0. 0.] produced [0.72572363279094, 0.6854771801588515, 0.5752544442301756]
Sample [5.  3.5 1.3 0.3] expected [1. 0. 0.] produced [0.7344108756990989, 0.6851880523477741, 0.5713856806989913]
Sample [5.8 2.7 5.1 1.9] expected [0. 0. 1.] produced [0.7296908434610883, 0.6781495006246375, 0.5666246359549673]
Sample [6.5 3.  5.5 1.8] expected [0. 0. 1.] produced [0.7262393132544721, 0.6741514919169627, 0.5701984466224814]
Sample [4.9 3.  1.4 0.2] expected [1. 0. 0.] produced [0.719147621248209, 0.6674008359867202, 0.572719736078775]
Sample [6.4 2.7 5.3 1.9] expected [0. 0. 1.] produced [0.7183303442929678, 0.6628252155136669, 0.5686326724101723]
Sample [6.8 3.  5.5 2.1] expected [0. 0. 1.] produced [0.7172194352770239, 0.6598018551573573, 0.5723313457198693]
Sample [6.4 3.1 5.5 1.8] expected [0. 0. 1.] produced [0.7124193415321497, 0.6549102427636195, 0.575677039399245]
Sample [5.2 2.7 3.9 1.4] expected [0. 1. 0.] produced [0.7036644849874854, 0.6478427067271848, 0.5784855047763136]
Sample [5.8 2.7 5.1 1.9] expected [0. 0. 1.] produced [0.6976327262036145, 0.64978237074463, 0.5738459153472921]
Sample [5.1 3.8 1.9 0.4] expected [1. 0. 0.] produced [0.7076785193423303, 0.6511729669460018, 0.5783835004358604]
Sample [6.3 2.3 4.4 1.3] expected [0. 1. 0.] produced [0.6771619557164184, 0.6333187088327432, 0.5708824321275079]
Sample [4.8 3.  1.4 0.1] expected [1. 0. 0.] produced [0.6917276752879583, 0.6427073231293561, 0.5676174337372657]
Sample [5.7 3.8 1.7 0.3] expected [1. 0. 0.] produced [0.7042519978990696, 0.6435023204172834, 0.564505606634757]
Sample [5.1 3.3 1.7 0.5] expected [1. 0. 0.] produced [0.7016673254490091, 0.636847389875772, 0.5594977451520697]
Sample [5.7 2.8 4.5 1.3] expected [0. 1. 0.] produced [0.691567104167683, 0.6278080382075348, 0.5545880806548611]
Sample [4.6 3.4 1.4 0.3] expected [1. 0. 0.] produced [0.7012476505758116, 0.6355843704255912, 0.5505496818017833]
Sample [7.3 2.9 6.3 1.8] expected [0. 0. 1.] produced [0.6804133934512675, 0.6230574532734597, 0.5455536143373177]
Sample [5.1 3.8 1.5 0.3] expected [1. 0. 0.] produced [0.7013728443382901, 0.6278976123382909, 0.5498811660565596]
Sample [4.4 2.9 1.4 0.2] expected [1. 0. 0.] produced [0.6903154490116704, 0.617605824836543, 0.5445512078833123]
Sample [6.6 2.9 4.6 1.3] expected [0. 1. 0.] produced [0.6802028917057488, 0.6098910879199251, 0.540495703823737]
Sample [5.8 4.  1.2 0.2] expected [1. 0. 0.] produced [0.700276534474879, 0.621620760487129, 0.5366271892682946]
Sample [4.8 3.4 1.9 0.2] expected [1. 0. 0.] produced [0.6955421380375914, 0.6138423854966891, 0.5321602558186781]
Sample [6.5 2.8 4.6 1.5] expected [0. 1. 0.] produced [0.6777250980407465, 0.6030477741974304, 0.5279412354138191]
Sample [5.5 2.5 4.  1.3] expected [0. 1. 0.] produced [0.6710974874166001, 0.6044102761519593, 0.5239776905399383]
Sample [4.7 3.2 1.6 0.2] expected [1. 0. 0.] produced [0.6848184998652106, 0.6132636412031865, 0.5196049496146417]
Sample [5.6 3.  4.5 1.5] expected [0. 1. 0.] produced [0.679063929023753, 0.606667908302159, 0.5157918398007576]
Sample [4.6 3.2 1.4 0.2] expected [1. 0. 0.] produced [0.6828587517453861, 0.6118225761529665, 0.5113261253264118]
Sample [6.9 3.1 5.1 2.3] expected [0. 0. 1.] produced [0.6737109551592482, 0.6043747237639925, 0.5077725216209145]
Sample [4.9 3.1 1.5 0.1] expected [1. 0. 0.] produced [0.6738546730001119, 0.6006854414297645, 0.5113448396197438]
Sample [6.  2.9 4.5 1.5] expected [0. 1. 0.] produced [0.6646719280158376, 0.5931878876488049, 0.5079235974735736]
Sample [7.9 3.8 6.4 2. ] expected [0. 0. 1.] produced [0.6628436897881537, 0.5972172022650657, 0.5039179641377812]
Sample [5.7 2.8 4.1 1.3] expected [0. 1. 0.] produced [0.6494595181621626, 0.5893565064288339, 0.5081335471416526]
Sample [5.4 3.4 1.5 0.4] expected [1. 0. 0.] produced [0.6641185021201153, 0.5984970171367053, 0.5034480917535046]
Sample [5.5 4.2 1.4 0.2] expected [1. 0. 0.] produced [0.679794853584514, 0.5988500982679802, 0.4987986797291586]
Sample [5.5 2.4 3.8 1.1] expected [0. 1. 0.] produced [0.6384141008171578, 0.579804182906888, 0.49740520399949073]
Sample [4.6 3.6 1.  0.2] expected [1. 0. 0.] produced [0.6732276665362379, 0.5956151160859553, 0.4911337863631938]
Sample [7.7 3.8 6.7 2.2] expected [0. 0. 1.] produced [0.6484631550291793, 0.583106589629403, 0.4891460381599636]
Sample [5.7 2.5 5.  2. ] expected [0. 0. 1.] produced [0.6288353973162, 0.5738850557967027, 0.49403430922735014]
Sample [5.1 3.4 1.5 0.2] expected [1. 0. 0.] produced [0.653149105188347, 0.578264175171215, 0.4958551430298044]
Sample [5.  3.5 1.6 0.6] expected [1. 0. 0.] produced [0.6615356473122647, 0.5759333785699512, 0.4916443132900968]
Sample [5.1 3.5 1.4 0.3] expected [1. 0. 0.] produced [0.6617650141096292, 0.5711163301449433, 0.48789719515313856]
Sample [6.2 3.4 5.4 2.3] expected [0. 0. 1.] produced [0.6488465244547186, 0.5628868446061612, 0.485294578086735]
Sample [7.2 3.2 6.  1.8] expected [0. 0. 1.] produced [0.6145680567919684, 0.5509274408012393, 0.49131604939559653]
Epoch 0 RMSE = 1.0273180452729818
Epoch 100 RMSE = 0.5865315285497068
Epoch 200 RMSE = 0.568560193010048
Epoch 300 RMSE = 0.32017969371307475
Epoch 400 RMSE = 0.2695177719122257
Epoch 500 RMSE = 0.2707818709913497
Epoch 600 RMSE = 0.24303321046942605
Epoch 700 RMSE = 0.2420084518572477
Epoch 800 RMSE = 0.2520438912484979
Epoch 900 RMSE = 0.2366993515462053
Sample [4.7 3.2 1.6 0.2] expected [1. 0. 0.] produced [0.9737358071548761, 0.033045612471484805, 0.0003996838874843133]
Sample [5.1 3.8 1.5 0.3] expected [1. 0. 0.] produced [0.9760356361381193, 0.03021816046820795, 0.0003748137209122057]
Sample [5.  3.4 1.5 0.2] expected [1. 0. 0.] produced [0.9753919836465117, 0.03100662716107277, 0.00038276651045589076]
Sample [4.9 3.  1.4 0.2] expected [1. 0. 0.] produced [0.9741517125299622, 0.03252733610062594, 0.0003969908734992102]
Sample [6.8 3.  5.5 2.1] expected [0. 0. 1.] produced [0.0044517168737032075, 0.06992095275487023, 0.9344806128309341]
Sample [5.5 2.4 3.7 1. ] expected [0. 1. 0.] produced [0.034029597945457506, 0.9699474383719004, 0.021563690419538303]
Sample [6.3 2.7 4.9 1.8] expected [0. 0. 1.] produced [0.006140422541699898, 0.16581989138559675, 0.8360020774970134]
Sample [4.8 3.  1.4 0.1] expected [1. 0. 0.] produced [0.9744531016533662, 0.0321088566904292, 0.0003959418082338769]
Sample [6.5 3.2 5.1 2. ] expected [0. 0. 1.] produced [0.005477139156813363, 0.12276412994757076, 0.8806354356556805]
Sample [6.5 3.  5.2 2. ] expected [0. 0. 1.] produced [0.004630073009311139, 0.07766473603335794, 0.9266731266827503]
Sample [6.1 2.6 5.6 1.4] expected [0. 0. 1.] produced [0.00443548262227506, 0.0688595190772145, 0.9355197423069083]
Sample [6.7 3.  5.  1.7] expected [0. 1. 0.] produced [0.022538536674935977, 0.9135941864783471, 0.07091052727652265]
Sample [6.  3.  4.8 1.8] expected [0. 0. 1.] produced [0.00557838787841572, 0.12804813110457983, 0.8749541733612657]
Sample [4.8 3.4 1.9 0.2] expected [1. 0. 0.] produced [0.9722633787572399, 0.03475903159090352, 0.00041160010328743766]
Sample [6.3 3.4 5.6 2.4] expected [0. 0. 1.] produced [0.004284736587946782, 0.06240040684972549, 0.9418967004890522]
Sample [5.7 2.8 4.5 1.3] expected [0. 1. 0.] produced [0.023945208990288427, 0.9255380090675216, 0.059950092866275465]
Sample [5.8 2.7 3.9 1.2] expected [0. 1. 0.] produced [0.03390465173962288, 0.9698045963400515, 0.02169837594026954]
Sample [7.7 3.8 6.7 2.2] expected [0. 0. 1.] produced [0.004340984041494306, 0.06487767303956635, 0.9394763530891328]
Sample [5.5 2.5 4.  1.3] expected [0. 1. 0.] produced [0.029328569844614107, 0.9575796911332551, 0.03245312878593989]
Sample [5.1 3.5 1.4 0.3] expected [1. 0. 0.] produced [0.975801080945316, 0.030408936234413323, 0.00037928688030350376]
Sample [5.8 2.7 4.1 1. ] expected [0. 1. 0.] produced [0.03355666936504258, 0.9702572276388881, 0.021760306474906684]
Sample [6.4 2.7 5.3 1.9] expected [0. 0. 1.] produced [0.004386889677911471, 0.06668864344867541, 0.9376578131138471]
Sample [5.1 3.4 1.5 0.2] expected [1. 0. 0.] produced [0.9754058708280843, 0.03088650532799884, 0.0003834824358828441]
Sample [6.  2.9 4.5 1.5] expected [0. 1. 0.] produced [0.025817897322130516, 0.9400944950883219, 0.047443039964297724]
Sample [7.9 3.8 6.4 2. ] expected [0. 0. 1.] produced [0.009417222252003005, 0.422593268227439, 0.5627222417754776]
Sample [6.2 2.8 4.8 1.8] expected [0. 0. 1.] produced [0.004753435621151587, 0.08241008814562809, 0.9217622557532145]
Sample [5.  3.5 1.6 0.6] expected [1. 0. 0.] produced [0.9744449777764963, 0.03190583363290117, 0.00039281852172847544]
Sample [5.2 4.1 1.5 0.1] expected [1. 0. 0.] produced [0.9763251294417011, 0.029605177750496994, 0.00037488261039364675]
Sample [7.6 3.  6.6 2.1] expected [0. 0. 1.] produced [0.004283299318030451, 0.061903907474832084, 0.9424002689317832]
Sample [6.2 3.4 5.4 2.3] expected [0. 0. 1.] produced [0.00428581129648515, 0.06178930117817261, 0.9424471627769215]
Sample [6.1 3.  4.6 1.4] expected [0. 1. 0.] produced [0.0232613859341308, 0.9183854566729991, 0.06600719137255477]
Sample [5.9 3.  4.2 1.5] expected [0. 1. 0.] produced [0.02706774566185988, 0.9440894158706866, 0.04293014407023471]
Sample [7.3 2.9 6.3 1.8] expected [0. 0. 1.] produced [0.00430623037395875, 0.06283466299908233, 0.9414833513516534]
Sample [4.6 3.6 1.  0.2] expected [1. 0. 0.] produced [0.9764965108667765, 0.02937868879289934, 0.000378167646722442]
Sample [6.4 3.2 4.5 1.5] expected [0. 1. 0.] produced [0.03146240462149695, 0.9651741827715193, 0.026139768714538925]
Sample [6.1 2.9 4.7 1.4] expected [0. 1. 0.] produced [0.016941765823961574, 0.8111402975439516, 0.16441750125882976]
Sample [4.4 2.9 1.4 0.2] expected [1. 0. 0.] produced [0.9731671530254843, 0.03348352906593244, 0.00041298758503263315]
Sample [5.1 2.5 3.  1.1] expected [0. 1. 0.] produced [0.04553023321499863, 0.9597177442724034, 0.018313516506075097]
Sample [5.8 2.7 5.1 1.9] expected [0. 0. 1.] produced [0.004288521463827949, 0.061999731182745974, 0.9422967461364767]
Sample [6.3 3.3 6.  2.5] expected [0. 0. 1.] produced [0.004280878464136042, 0.06186810448516079, 0.9424558704654803]
Sample [7.2 3.6 6.1 2.5] expected [0. 0. 1.] produced [0.00428238506732078, 0.061912037624393915, 0.9424028796113482]
Sample [4.9 2.5 4.5 1.7] expected [0. 0. 1.] produced [0.004298625850152084, 0.06177405377942088, 0.9423943565224215]
Sample [6.3 2.9 5.6 1.8] expected [0. 0. 1.] produced [0.004293439143891371, 0.062242969997961486, 0.9420629670135877]
Sample [5.  3.5 1.3 0.3] expected [1. 0. 0.] produced [0.9760070594845095, 0.029997096148147585, 0.0003800389731611371]
Sample [6.8 2.8 4.8 1.4] expected [0. 1. 0.] produced [0.031418732961896595, 0.9670533778431792, 0.02524107903578165]
Sample [5.5 2.4 3.8 1.1] expected [0. 1. 0.] produced [0.032673017668822225, 0.9676535822344147, 0.023849699210526445]
Sample [5.1 3.3 1.7 0.5] expected [1. 0. 0.] produced [0.9723731936881207, 0.03444174068329714, 0.0004117534523614071]
Sample [4.4 3.2 1.3 0.2] expected [1. 0. 0.] produced [0.9755313713780673, 0.030565809184724364, 0.00038944850444299955]
Sample [5.7 3.8 1.7 0.3] expected [1. 0. 0.] produced [0.9756927215678393, 0.030386840308053813, 0.00037970798977987255]
Sample [6.2 2.2 4.5 1.5] expected [0. 1. 0.] produced [0.011442969545015898, 0.5662675905329112, 0.4106150370481728]
Sample [5.7 2.6 3.5 1. ] expected [0. 1. 0.] produced [0.03707581251210358, 0.9674471919559907, 0.02044754057398956]
Sample [5.8 4.  1.2 0.2] expected [1. 0. 0.] produced [0.9763809083389278, 0.029694387829084293, 0.0003717645258942561]
Sample [6.9 3.1 5.4 2.1] expected [0. 0. 1.] produced [0.004777088729278483, 0.08463682315704418, 0.919731585413703]
Sample [4.3 3.  1.1 0.1] expected [1. 0. 0.] produced [0.9759151776515004, 0.030227187475229487, 0.0003885982105774161]
Sample [6.  2.7 5.1 1.6] expected [0. 1. 0.] produced [0.004692702468308872, 0.08027832609688365, 0.9240831298078221]
Sample [6.1 3.  4.9 1.8] expected [0. 0. 1.] produced [0.005502278280100242, 0.12415275088394101, 0.8792144775890722]
Sample [5.1 3.5 1.4 0.2] expected [1. 0. 0.] produced [0.9759059053779793, 0.030340696733411145, 0.000378014679412679]
Sample [5.  3.  1.6 0.2] expected [1. 0. 0.] produced [0.9719757394120245, 0.035170786558457706, 0.0004156213549347265]
Sample [5.6 2.8 4.9 2. ] expected [0. 0. 1.] produced [0.004295151144762678, 0.06277893068541612, 0.9415298083029012]
Sample [6.  3.4 4.5 1.6] expected [0. 1. 0.] produced [0.02903469818109957, 0.9549333954276642, 0.03409465848515038]
Sample [5.4 3.4 1.5 0.4] expected [1. 0. 0.] produced [0.9751110230234193, 0.03131794890753132, 0.00038399748918781706]
Sample [5.6 3.  4.5 1.5] expected [0. 1. 0.] produced [0.012403535275056618, 0.6205519006924325, 0.35171192441644455]
Sample [5.  2.3 3.3 1. ] expected [0. 1. 0.] produced [0.03590763176405254, 0.9683738798850018, 0.02092394874389814]
Sample [4.9 3.1 1.5 0.1] expected [1. 0. 0.] produced [0.9743347497539881, 0.032400620208524564, 0.00039379675790739523]
Sample [6.5 3.  5.5 1.8] expected [0. 0. 1.] produced [0.00504096916530688, 0.0991183469320222, 0.9051961117926228]
Sample [7.1 3.  5.9 2.1] expected [0. 0. 1.] produced [0.004447079686949331, 0.06999886755385877, 0.9344980049459366]
Sample [7.2 3.2 6.  1.8] expected [0. 0. 1.] produced [0.0074585244392592715, 0.26593441691657527, 0.7304776933344472]
Sample [5.8 2.8 5.1 2.4] expected [0. 0. 1.] produced [0.004283447162764558, 0.06253466485773201, 0.9418571455732008]
Sample [6.7 3.1 4.4 1.4] expected [0. 1. 0.] produced [0.03340366845863372, 0.9706783741677717, 0.021626982901339985]
Sample [5.2 2.7 3.9 1.4] expected [0. 1. 0.] produced [0.024519999262529124, 0.9250274073559429, 0.058619747993082505]
Sample [6.9 3.1 4.9 1.5] expected [0. 1. 0.] produced [0.032535172640802426, 0.9704726116594328, 0.022436372934368398]
Sample [5.  3.3 1.4 0.2] expected [1. 0. 0.] produced [0.9754784044167253, 0.030892519183229116, 0.0003829050203366263]
Sample [6.9 3.1 5.1 2.3] expected [0. 0. 1.] produced [0.005165618590299757, 0.10527389246894103, 0.8988215753186777]
Sample [6.5 2.8 4.6 1.5] expected [0. 1. 0.] produced [0.03178594010827725, 0.9682317654019735, 0.02424114221998198]
Sample [4.7 3.2 1.3 0.2] expected [1. 0. 0.] produced [0.9755450457255255, 0.03078881514837308, 0.0003847298333599354]
Sample [5.8 2.6 4.  1.2] expected [0. 1. 0.] produced [0.033231566680522254, 0.9700971332454065, 0.022090328106124497]
Sample [6.4 3.1 5.5 1.8] expected [0. 0. 1.] produced [0.0045804256486299405, 0.07555018970806807, 0.9289064644991178]
Sample [4.9 2.4 3.3 1. ] expected [0. 1. 0.] produced [0.03667100428178843, 0.9672355981233728, 0.0208859582033808]
Sample [5.6 3.  4.1 1.3] expected [0. 1. 0.] produced [0.03312530601504782, 0.9677981297097343, 0.0232694626148153]
Sample [5.  3.4 1.6 0.4] expected [1. 0. 0.] produced [0.9744598028220018, 0.03212661231543359, 0.0003906484490543092]
Sample [5.3 3.7 1.5 0.2] expected [1. 0. 0.] produced [0.9759989132514525, 0.030230765137658988, 0.0003756408328831248]
Sample [5.1 3.8 1.6 0.2] expected [1. 0. 0.] produced [0.975953170428553, 0.03028625076364838, 0.0003760655266799006]
Sample [6.1 2.8 4.7 1.2] expected [0. 1. 0.] produced [0.03137066443038102, 0.9669154030303623, 0.02531151349305873]
Sample [5.9 3.2 4.8 1.8] expected [0. 1. 0.] produced [0.005929519644073538, 0.14962592801971103, 0.8522931744868235]
Sample [5.8 2.7 5.1 1.9] expected [0. 0. 1.] produced [0.004315190973177636, 0.06434093656654222, 0.9400843954582009]
Sample [6.8 3.2 5.9 2.3] expected [0. 0. 1.] produced [0.004291579975364527, 0.06352409366120702, 0.9409181217121542]
Sample [4.6 3.2 1.4 0.2] expected [1. 0. 0.] produced [0.975102840352149, 0.0314732308685693, 0.0003870220306211638]
Sample [7.7 2.6 6.9 2.3] expected [0. 0. 1.] produced [0.004279999655635883, 0.0630476288019367, 0.9413913590534997]
Sample [5.5 4.2 1.4 0.2] expected [1. 0. 0.] produced [0.9763642142272133, 0.02992067983921322, 0.00036906708589318796]
Sample [7.7 3.  6.1 2.3] expected [0. 0. 1.] produced [0.004574719498417851, 0.07604661097534592, 0.9284697072883504]
Sample [5.  2.  3.5 1. ] expected [0. 1. 0.] produced [0.033015154883031604, 0.9689733836944432, 0.022928225860029714]
Sample [5.7 2.8 4.1 1.3] expected [0. 1. 0.] produced [0.03299394816150544, 0.9694337316274221, 0.022558728765602252]
Sample [6.3 3.3 4.7 1.6] expected [0. 1. 0.] produced [0.03144235420724478, 0.96655549737255, 0.025355735843219082]
Sample [4.4 3.  1.3 0.2] expected [1. 0. 0.] produced [0.97475600863624, 0.031877777310146745, 0.0003935556279344341]
Sample [6.4 2.9 4.3 1.3] expected [0. 1. 0.] produced [0.03329528446628096, 0.9708648245690221, 0.021590110638240272]
Sample [5.1 3.8 1.9 0.4] expected [1. 0. 0.] produced [0.9746644635328002, 0.0320140061122622, 0.0003849838341948466]
Sample [4.9 3.1 1.5 0.1] expected [1. 0. 0.] produced [0.9743334699582956, 0.03240785988511656, 0.00039342114781155393]
Sample [4.8 3.1 1.6 0.2] expected [1. 0. 0.] produced [0.9729390007297454, 0.0341302496757027, 0.0004054813354359395]
Sample [4.6 3.4 1.4 0.3] expected [1. 0. 0.] produced [0.9755652531073199, 0.03088436729280159, 0.000381222499096765]
Sample [6.6 2.9 4.6 1.3] expected [0. 1. 0.] produced [0.032898948591708, 0.9711228744991449, 0.021776627831066504]
Sample [6.3 2.5 4.9 1.5] expected [0. 1. 0.] produced [0.01897783888957179, 0.8628985229079064, 0.11695371254432284]
Sample [5.2 3.5 1.5 0.2] expected [1. 0. 0.] produced [0.9756718446510673, 0.030780942848622567, 0.00037756876694794883]
Sample [5.7 2.5 5.  2. ] expected [0. 0. 1.] produced [0.004292273125326815, 0.06333986013668003, 0.9410707172764469]
Sample [6.3 2.3 4.4 1.3] expected [0. 1. 0.] produced [0.03240645962152964, 0.9703387465873184, 0.022600175667956576]
Sample [6.7 3.3 5.7 2.1] expected [0. 0. 1.] produced [0.004452640988380954, 0.07041630894302557, 0.9340519555990277]
Epoch 1000 RMSE = 0.21758708095406282
Epoch 1100 RMSE = 0.25046263792497125
Epoch 1200 RMSE = 0.2383031248272897
Epoch 1300 RMSE = 0.2540235004674326
Epoch 1400 RMSE = 0.23736948150128204
Epoch 1500 RMSE = 0.22807881389558424
Epoch 1600 RMSE = 0.22446605669056843
Epoch 1700 RMSE = 0.22001322389678915
Epoch 1800 RMSE = 0.2441840266545456
Epoch 1900 RMSE = 0.22089614981940153
Sample [6.9 3.1 5.4 2.1] expected [0. 0. 1.] produced [0.002868768092755094, 0.07712820532413016, 0.9256946749861841]
Sample [5.1 3.5 1.4 0.3] expected [1. 0. 0.] produced [0.9829972065293627, 0.020292080702510543, 0.0001863050348598377]
Sample [6.3 3.4 5.6 2.4] expected [0. 0. 1.] produced [0.002796833359663794, 0.07154670309976635, 0.9313753108785934]
Sample [5.2 3.5 1.5 0.2] expected [1. 0. 0.] produced [0.9829126591349757, 0.0203912005145902, 0.00018673649054485098]
Sample [4.4 3.2 1.3 0.2] expected [1. 0. 0.] produced [0.9828327561498053, 0.020475488859490406, 0.00018990113825423667]
Sample [6.3 2.3 4.4 1.3] expected [0. 1. 0.] produced [0.02237102943057433, 0.9837155993298835, 0.011838675010111016]
Sample [6.1 3.  4.9 1.8] expected [0. 0. 1.] produced [0.002975572678916284, 0.08534691895932825, 0.9171525055568661]
Sample [5.3 3.7 1.5 0.2] expected [1. 0. 0.] produced [0.9831168464581808, 0.020135895267512884, 0.00018520402056927486]
Sample [4.4 3.  1.3 0.2] expected [1. 0. 0.] produced [0.982335848014546, 0.021072732808320168, 0.00019360526829869523]
Sample [5.1 2.5 3.  1.1] expected [0. 1. 0.] produced [0.03064436242949392, 0.9792938491593057, 0.009483852206392017]
Sample [6.2 2.2 4.5 1.5] expected [0. 1. 0.] produced [0.011927543131403531, 0.8881624812119512, 0.09258936725505588]
Sample [5.9 3.  4.2 1.5] expected [0. 1. 0.] produced [0.021951235365781186, 0.9815598239981224, 0.013174765708429863]
Sample [4.7 3.2 1.6 0.2] expected [1. 0. 0.] produced [0.9816483047007907, 0.021936708127407323, 0.00019529534337376503]
Sample [5.  2.3 3.3 1. ] expected [0. 1. 0.] produced [0.024606649580080665, 0.983403494634696, 0.01071905202531415]
Sample [5.7 3.8 1.7 0.3] expected [1. 0. 0.] produced [0.9829250621031098, 0.02038343826921176, 0.00018553109766284576]
Sample [5.1 3.8 1.9 0.4] expected [1. 0. 0.] produced [0.9822414720366646, 0.021219817562488454, 0.0001897006647660222]
Sample [6.1 2.8 4.7 1.2] expected [0. 1. 0.] produced [0.02145715800391699, 0.9813259529932419, 0.013662586569699214]
Sample [5.6 3.  4.5 1.5] expected [0. 1. 0.] produced [0.005215565527149475, 0.3538770315764671, 0.6293911042364797]
Sample [6.3 3.3 6.  2.5] expected [0. 0. 1.] produced [0.0027961626334617544, 0.07236788492528114, 0.9306086493483837]
Sample [5.2 2.7 3.9 1.4] expected [0. 1. 0.] produced [0.018997760330081832, 0.9706645188017446, 0.02149505993399013]
Sample [6.2 3.4 5.4 2.3] expected [0. 0. 1.] produced [0.0027981410610190827, 0.07237634763167636, 0.9305592962691208]
Sample [7.7 3.8 6.7 2.2] expected [0. 0. 1.] produced [0.0028145252735467734, 0.07374250168798602, 0.9292067154135905]
Sample [5.7 2.5 5.  2. ] expected [0. 0. 1.] produced [0.0027981904564750083, 0.07227554833495259, 0.9306776320081674]
Sample [7.6 3.  6.6 2.1] expected [0. 0. 1.] produced [0.002799986304465305, 0.07255669883771569, 0.9304049269210051]
Sample [5.5 4.2 1.4 0.2] expected [1. 0. 0.] produced [0.9833277611598934, 0.020010041972141974, 0.00018213763946147793]
Sample [6.4 3.1 5.5 1.8] expected [0. 0. 1.] produced [0.0028893909830117813, 0.079427528398667, 0.9233772398089063]
Sample [5.1 3.5 1.4 0.2] expected [1. 0. 0.] produced [0.9830622658310026, 0.020324535633295362, 0.00018501208640684131]
Sample [6.3 3.3 4.7 1.6] expected [0. 1. 0.] produced [0.02204934018636821, 0.9826948584157934, 0.0125189504898216]
Sample [5.7 2.8 4.1 1.3] expected [0. 1. 0.] produced [0.0230196082237602, 0.9842233716762123, 0.01116733618276809]
Sample [7.7 2.6 6.9 2.3] expected [0. 0. 1.] produced [0.002795844979637506, 0.07217530859552647, 0.9307820535471145]
Sample [4.7 3.2 1.3 0.2] expected [1. 0. 0.] produced [0.9828413335626408, 0.020582819540107725, 0.0001879416561757144]
Sample [4.3 3.  1.1 0.1] expected [1. 0. 0.] produced [0.9830906529669872, 0.02026084370122561, 0.0001894621736578408]
Sample [6.5 3.  5.5 1.8] expected [0. 0. 1.] produced [0.002934645518544731, 0.08306426895978544, 0.9196540946200041]
Sample [5.5 2.4 3.7 1. ] expected [0. 1. 0.] produced [0.023529611931038433, 0.9843455865490525, 0.010836523265677883]
Sample [5.  3.4 1.6 0.4] expected [1. 0. 0.] produced [0.9821249229221919, 0.021467607723845917, 0.00019022465850710812]
Sample [5.5 2.4 3.8 1.1] expected [0. 1. 0.] produced [0.023230085888554432, 0.9844656532260513, 0.010946991989530924]
Sample [4.4 2.9 1.4 0.2] expected [1. 0. 0.] produced [0.9812684212186151, 0.022503582763375538, 0.00019868528792170445]
Sample [5.  3.  1.6 0.2] expected [1. 0. 0.] produced [0.9804780151313257, 0.02349124179096917, 0.00020061291731526853]
Sample [5.8 2.7 5.1 1.9] expected [0. 0. 1.] produced [0.002800339235740046, 0.07225544598103975, 0.9306594807879122]
Sample [6.3 2.7 4.9 1.8] expected [0. 0. 1.] produced [0.004082483001814632, 0.2055651634108622, 0.7907986699942543]
Sample [6.1 2.6 5.6 1.4] expected [0. 0. 1.] produced [0.0028359292536646484, 0.07481213629343787, 0.9280700470663161]
Sample [7.7 3.  6.1 2.3] expected [0. 0. 1.] produced [0.002836320627747394, 0.07492735343015669, 0.9279543384372768]
Sample [5.  3.5 1.6 0.6] expected [1. 0. 0.] produced [0.9821045763650545, 0.02144248815607796, 0.0001903863306687008]
Sample [6.5 3.2 5.1 2. ] expected [0. 0. 1.] produced [0.00340466907389926, 0.12608825253113426, 0.8749060248680098]
Sample [6.8 3.  5.5 2.1] expected [0. 0. 1.] produced [0.0028398709597766796, 0.07500925469874525, 0.9278450389514223]
Sample [6.9 3.1 4.9 1.5] expected [0. 1. 0.] produced [0.022789436129645756, 0.984663127372036, 0.011090865749703353]
Sample [4.6 3.6 1.  0.2] expected [1. 0. 0.] produced [0.9834298531951928, 0.01978533301505432, 0.00018496608301101097]
Sample [6.4 2.9 4.3 1.3] expected [0. 1. 0.] produced [0.023104327114549825, 0.9845916310386419, 0.01094506262653948]
Sample [7.2 3.2 6.  1.8] expected [0. 0. 1.] produced [0.0033801334613449727, 0.12384980079688769, 0.8773901192598486]
Sample [6.  2.7 5.1 1.6] expected [0. 1. 0.] produced [0.0029511580850236003, 0.0836623554983499, 0.9189695338411423]
Sample [5.1 3.3 1.7 0.5] expected [1. 0. 0.] produced [0.9807137749153352, 0.023194018186162717, 0.00019798195147531817]
Sample [5.7 2.8 4.5 1.3] expected [0. 1. 0.] produced [0.01866718854304115, 0.9708834942323498, 0.02183424516766833]
Sample [5.2 4.1 1.5 0.1] expected [1. 0. 0.] produced [0.9833118757452717, 0.019996522332433597, 0.00018285005286947862]
Sample [5.8 2.7 4.1 1. ] expected [0. 1. 0.] produced [0.02326237286218517, 0.9845167676462859, 0.01089192099564582]
Sample [6.1 3.  4.6 1.4] expected [0. 1. 0.] produced [0.02205354576002698, 0.9827983743898197, 0.012471864287653612]
Sample [4.8 3.4 1.9 0.2] expected [1. 0. 0.] produced [0.9806098022361013, 0.023319001315549318, 0.00019903289212554618]
Sample [5.5 2.5 4.  1.3] expected [0. 1. 0.] produced [0.02192085096662809, 0.9820490041532598, 0.01295237004958486]
Sample [5.  2.  3.5 1. ] expected [0. 1. 0.] produced [0.02305624073046966, 0.9840326838044902, 0.011301021428731564]
Sample [4.6 3.4 1.4 0.3] expected [1. 0. 0.] produced [0.9828433969573598, 0.020562165609493976, 0.00018735394101353242]
Sample [5.1 3.8 1.6 0.2] expected [1. 0. 0.] produced [0.9830867052654857, 0.020270530168777428, 0.00018439807240665376]
Sample [6.5 3.  5.2 2. ] expected [0. 0. 1.] produced [0.0029381665842070862, 0.08319252942244329, 0.9194831050965621]
Sample [4.9 3.  1.4 0.2] expected [1. 0. 0.] produced [0.9819513795900943, 0.021649485566892834, 0.00019316191097379912]
Sample [4.6 3.2 1.4 0.2] expected [1. 0. 0.] produced [0.9825575502884113, 0.02090264845828552, 0.00018984673801845825]
Sample [5.  3.5 1.3 0.3] expected [1. 0. 0.] produced [0.9831307423676588, 0.020205390273424283, 0.0001849933400117823]
Sample [6.  2.9 4.5 1.5] expected [0. 1. 0.] produced [0.0201340288980556, 0.9770530200667459, 0.016943276585374045]
Sample [6.8 2.8 4.8 1.4] expected [0. 1. 0.] produced [0.02277517905268948, 0.9847259832200616, 0.011060376098411245]
Sample [5.1 3.4 1.5 0.2] expected [1. 0. 0.] produced [0.9827538860330561, 0.02066873938093332, 0.00018709810128534113]
Sample [6.3 2.5 4.9 1.5] expected [0. 1. 0.] produced [0.010367444546259345, 0.8361874486203471, 0.139955585453367]
Sample [6.9 3.1 5.1 2.3] expected [0. 0. 1.] produced [0.0032948744078188327, 0.11570362678394251, 0.8858876583760917]
Sample [5.8 2.8 5.1 2.4] expected [0. 0. 1.] produced [0.0027968427035788075, 0.07199442571056637, 0.9309443095918961]
Sample [5.  3.4 1.5 0.2] expected [1. 0. 0.] produced [0.9827455835302356, 0.020683631769084703, 0.0001872972106778262]
Sample [5.8 2.6 4.  1.2] expected [0. 1. 0.] produced [0.023147162265535398, 0.9845284248945826, 0.010953933155951622]
Sample [6.3 2.9 5.6 1.8] expected [0. 0. 1.] produced [0.002805900738374294, 0.07268841669116917, 0.9302405706669807]
Sample [5.6 2.8 4.9 2. ] expected [0. 0. 1.] produced [0.0027996308982754835, 0.07199435837796662, 0.9308987612599923]
Sample [6.2 2.8 4.8 1.8] expected [0. 0. 1.] produced [0.00443754386563892, 0.25176714667498246, 0.7411534029727547]
Sample [5.6 3.  4.1 1.3] expected [0. 1. 0.] produced [0.02314977287796678, 0.9836608732936025, 0.011368950694315214]
Sample [6.5 2.8 4.6 1.5] expected [0. 1. 0.] produced [0.022536646204737335, 0.9840815857511677, 0.011535477766860163]
Sample [5.8 4.  1.2 0.2] expected [1. 0. 0.] produced [0.9833437651413297, 0.01989823000732974, 0.00018295525722395863]
Sample [7.3 2.9 6.3 1.8] expected [0. 0. 1.] produced [0.0028303815251539822, 0.0742982009744379, 0.9286038747136709]
Sample [6.7 3.1 4.4 1.4] expected [0. 1. 0.] produced [0.023153976753917668, 0.9845586809212608, 0.010930347685721232]
Sample [4.9 3.1 1.5 0.1] expected [1. 0. 0.] produced [0.9820653394578077, 0.02144816883955308, 0.00019288859809073533]
Sample [6.  3.4 4.5 1.6] expected [0. 1. 0.] produced [0.02116998574818143, 0.9793711280908054, 0.014839593426265115]
Sample [6.4 3.2 4.5 1.5] expected [0. 1. 0.] produced [0.022983178366436884, 0.9844394573340889, 0.01108733830229903]
Sample [7.9 3.8 6.4 2. ] expected [0. 0. 1.] produced [0.0055630834757390574, 0.4097743170015602, 0.5718634696594215]
Sample [5.1 3.8 1.5 0.3] expected [1. 0. 0.] produced [0.9831425159249668, 0.020038961486029204, 0.00018563869357370052]
Sample [5.9 3.2 4.8 1.8] expected [0. 1. 0.] produced [0.002910128210701174, 0.07900502588293276, 0.9234717138956705]
Sample [6.1 2.9 4.7 1.4] expected [0. 1. 0.] produced [0.014476989543488734, 0.9363494167414553, 0.05039943531148684]
Sample [6.7 3.3 5.7 2.1] expected [0. 0. 1.] produced [0.002797929604192549, 0.0716428589084921, 0.9313213641665283]
Sample [5.8 2.7 3.9 1.2] expected [0. 1. 0.] produced [0.023431222871758254, 0.984197691019085, 0.010965636588915976]
Sample [4.9 3.1 1.5 0.1] expected [1. 0. 0.] produced [0.9820645208842139, 0.02141321788219465, 0.0001932851963211519]
Sample [5.4 3.4 1.5 0.4] expected [1. 0. 0.] produced [0.9825621185114151, 0.02081323376052228, 0.00018847540035593025]
Sample [6.  3.  4.8 1.8] expected [0. 0. 1.] produced [0.002925828533347455, 0.08109491738258705, 0.9215055242556217]
Sample [7.2 3.6 6.1 2.5] expected [0. 0. 1.] produced [0.002795698937082245, 0.07144718759560434, 0.9315193475770107]
Sample [5.7 2.6 3.5 1. ] expected [0. 1. 0.] produced [0.025311644756228026, 0.9830267584730669, 0.010476666346687586]
Sample [7.1 3.  5.9 2.1] expected [0. 0. 1.] produced [0.0027981529365000957, 0.07160179034581389, 0.9313618184269918]
Sample [6.6 2.9 4.6 1.3] expected [0. 1. 0.] produced [0.022842783895223956, 0.9845606668202543, 0.011125465301066034]
Sample [6.7 3.  5.  1.7] expected [0. 1. 0.] produced [0.010403050443537544, 0.8365916465681987, 0.1394846445827476]
Sample [4.9 2.4 3.3 1. ] expected [0. 1. 0.] produced [0.02507263450945047, 0.9829659835485436, 0.010660361976644115]
Sample [4.9 2.5 4.5 1.7] expected [0. 0. 1.] produced [0.002801850101300857, 0.07135010874855777, 0.9315402786405066]
Sample [5.8 2.7 5.1 1.9] expected [0. 0. 1.] produced [0.0027973637338856005, 0.07144687304965132, 0.9315211327825206]
Sample [4.8 3.  1.4 0.1] expected [1. 0. 0.] produced [0.9821483445220649, 0.02130223317031886, 0.0001936221387957612]
Sample [6.4 2.7 5.3 1.9] expected [0. 0. 1.] produced [0.002803842094158207, 0.07197290947351279, 0.9309919729381775]
Sample [5.  3.3 1.4 0.2] expected [1. 0. 0.] produced [0.9828004880140028, 0.020506200510069555, 0.00018839443653132784]
Sample [6.8 3.2 5.9 2.3] expected [0. 0. 1.] produced [0.0027955564895322344, 0.07138709410954731, 0.9315905524420675]
Sample [4.8 3.1 1.6 0.2] expected [1. 0. 0.] produced [0.9811175628605373, 0.022559402291632003, 0.00019858694835058933]
Epoch 2000 RMSE = 0.2253333433686377
Epoch 2100 RMSE = 0.2325449772310915
Epoch 2200 RMSE = 0.23927960025278103
Epoch 2300 RMSE = 0.23811331077227296
Epoch 2400 RMSE = 0.22218869086595466
Epoch 2500 RMSE = 0.257376880079116
Epoch 2600 RMSE = 0.23758830261679653
Epoch 2700 RMSE = 0.22174725737912998
Epoch 2800 RMSE = 0.2468949070414401
Epoch 2900 RMSE = 0.20265791132923966
Sample [4.4 3.  1.3 0.2] expected [1. 0. 0.] produced [0.9856556225721602, 0.016735393847827972, 0.00013340424762442267]
Sample [4.7 3.2 1.6 0.2] expected [1. 0. 0.] produced [0.9851110561210119, 0.017409368154206795, 0.00013454835220387665]
Sample [5.  3.3 1.4 0.2] expected [1. 0. 0.] produced [0.986025398501386, 0.016294895923104385, 0.0001300337114274099]
Sample [5.  3.4 1.5 0.2] expected [1. 0. 0.] produced [0.9859809632435305, 0.016350407018447786, 0.0001300249140075972]
Sample [6.3 2.5 4.9 1.5] expected [0. 1. 0.] produced [0.004877624974448907, 0.5165878987591195, 0.45893139034987357]
Sample [6.1 2.6 5.6 1.4] expected [0. 0. 1.] produced [0.0022164511436519054, 0.07303241975805312, 0.9296657307437718]
Sample [5.2 4.1 1.5 0.1] expected [1. 0. 0.] produced [0.9864167701159121, 0.015913771252325657, 0.0001266121485130135]
Sample [6.4 3.2 4.5 1.5] expected [0. 1. 0.] produced [0.018662841326911546, 0.9891730298638124, 0.0076681503599730074]
Sample [6.6 2.9 4.6 1.3] expected [0. 1. 0.] produced [0.01857071854313146, 0.9892714190062262, 0.00766716419807886]
Sample [7.1 3.  5.9 2.1] expected [0. 0. 1.] produced [0.002208838432364687, 0.07230789176122035, 0.9304002144548137]
Sample [5.8 2.7 3.9 1.2] expected [0. 1. 0.] produced [0.018972583544745597, 0.9890224397949774, 0.007594499070615767]
Sample [7.9 3.8 6.4 2. ] expected [0. 0. 1.] produced [0.005404463360257797, 0.6030398024177295, 0.36967552989926605]
Sample [7.7 3.8 6.7 2.2] expected [0. 0. 1.] produced [0.0021998599541411977, 0.07064461759900076, 0.9320614300335283]
Sample [6.8 3.  5.5 2.1] expected [0. 0. 1.] produced [0.002201766824086285, 0.07075592414124802, 0.9319360037337843]
Sample [6.9 3.1 4.9 1.5] expected [0. 1. 0.] produced [0.01834289050851343, 0.9888492226285948, 0.00801185234847267]
Sample [6.1 3.  4.6 1.4] expected [0. 1. 0.] produced [0.015188100596853014, 0.9789378431643693, 0.01563687574823059]
Sample [6.4 2.7 5.3 1.9] expected [0. 0. 1.] produced [0.0022015668657575857, 0.07068697658032386, 0.9320032321022291]
Sample [5.8 2.7 5.1 1.9] expected [0. 0. 1.] produced [0.002200619612693141, 0.07050986641260751, 0.9321722481170746]
Sample [4.8 3.1 1.6 0.2] expected [1. 0. 0.] produced [0.9846865007655128, 0.01788174136137091, 0.00013689089086103777]
Sample [6.2 2.8 4.8 1.8] expected [0. 0. 1.] produced [0.002310906664546063, 0.08167022685435725, 0.9207118727539548]
Sample [6.4 3.1 5.5 1.8] expected [0. 0. 1.] produced [0.0022025726205497035, 0.07067299720002157, 0.9319964079660167]
Sample [6.3 3.3 6.  2.5] expected [0. 0. 1.] produced [0.0021997197568493646, 0.07043072520791671, 0.9322557935108118]
Sample [5.1 3.8 1.5 0.3] expected [1. 0. 0.] produced [0.9862879857255897, 0.015925869688368892, 0.00012850913362897582]
Sample [7.3 2.9 6.3 1.8] expected [0. 0. 1.] produced [0.0022010845930959776, 0.07053708133306323, 0.9321446771971935]
Sample [6.4 2.9 4.3 1.3] expected [0. 1. 0.] produced [0.01869897106616824, 0.9890725644167927, 0.007722341211959313]
Sample [7.7 3.  6.1 2.3] expected [0. 0. 1.] produced [0.0022009747396674125, 0.07050564669335725, 0.9321727231388303]
Sample [6.3 3.3 4.7 1.6] expected [0. 1. 0.] produced [0.013500587788730263, 0.9688133602902257, 0.023643059229922995]
Sample [6.2 3.4 5.4 2.3] expected [0. 0. 1.] produced [0.0022003466193831604, 0.07032359407984862, 0.9323279530974419]
Sample [5.7 2.5 5.  2. ] expected [0. 0. 1.] produced [0.002200550730659382, 0.07028566371180352, 0.9323798833551838]
Sample [6.5 2.8 4.6 1.5] expected [0. 1. 0.] produced [0.017732916048525355, 0.9874766416596814, 0.009051939280383167]
Sample [6.5 3.  5.5 1.8] expected [0. 0. 1.] produced [0.00220398951517592, 0.07065490074279951, 0.9319985275762147]
Sample [6.  3.4 4.5 1.6] expected [0. 1. 0.] produced [0.01230466172570619, 0.9563795986016218, 0.03332905637538237]
Sample [6.1 2.9 4.7 1.4] expected [0. 1. 0.] produced [0.010623825256688868, 0.9338403553667717, 0.052912118487940876]
Sample [4.4 2.9 1.4 0.2] expected [1. 0. 0.] produced [0.9848065755807348, 0.017697251273266226, 0.00013799597403032829]
Sample [4.4 3.2 1.3 0.2] expected [1. 0. 0.] produced [0.9860463695302831, 0.01619318244360298, 0.00013170742853891858]
Sample [4.9 2.5 4.5 1.7] expected [0. 0. 1.] produced [0.0022033294506659637, 0.07016145264825241, 0.9324388412591441]
Sample [4.7 3.2 1.3 0.2] expected [1. 0. 0.] produced [0.9860573104420045, 0.01617942404384638, 0.00013117145404799665]
Sample [4.8 3.4 1.9 0.2] expected [1. 0. 0.] produced [0.9842619179865898, 0.01837117849455628, 0.0001383374107232115]
Sample [5.7 2.6 3.5 1. ] expected [0. 1. 0.] produced [0.02031938956719575, 0.9880858542848595, 0.0074132747472403]
Sample [5.5 4.2 1.4 0.2] expected [1. 0. 0.] produced [0.9864303731205742, 0.01573770093288212, 0.0001276190415730354]
Sample [5.7 2.8 4.1 1.3] expected [0. 1. 0.] produced [0.018098511879035797, 0.9876378716188073, 0.008757018239419719]
Sample [5.8 2.8 5.1 2.4] expected [0. 0. 1.] produced [0.002200146524221218, 0.07022715275296698, 0.9324347801485077]
Sample [5.8 2.7 5.1 1.9] expected [0. 0. 1.] produced [0.0022005593233334862, 0.07019201911514596, 0.9324607303745225]
Sample [7.7 2.6 6.9 2.3] expected [0. 0. 1.] produced [0.0021995162494844746, 0.07018786555014732, 0.9324791907526045]
Sample [5.6 3.  4.1 1.3] expected [0. 1. 0.] produced [0.018131059053938373, 0.9871566606814225, 0.00897076528515837]
Sample [4.9 2.4 3.3 1. ] expected [0. 1. 0.] produced [0.020147457873511233, 0.9880613815783795, 0.007523123962239472]
Sample [6.9 3.1 5.4 2.1] expected [0. 0. 1.] produced [0.0022143875159596695, 0.07156511219467991, 0.931056333734056]
Sample [6.8 2.8 4.8 1.4] expected [0. 1. 0.] produced [0.018376780524473807, 0.9889178335720988, 0.00796668296730039]
Sample [6.3 2.7 4.9 1.8] expected [0. 0. 1.] produced [0.0022769356449377563, 0.07779006012478885, 0.9246792287271303]
Sample [4.3 3.  1.1 0.1] expected [1. 0. 0.] produced [0.9862471232081585, 0.01591724740649072, 0.00013232288679892524]
Sample [5.7 2.8 4.5 1.3] expected [0. 1. 0.] produced [0.00779134916639748, 0.8323393699824265, 0.14340822203551745]
Sample [5.9 3.2 4.8 1.8] expected [0. 1. 0.] produced [0.002246506111876445, 0.07417660194473531, 0.9282011532262436]
Sample [4.8 3.  1.4 0.1] expected [1. 0. 0.] produced [0.985514665313062, 0.01688750933215505, 0.00013357142317314632]
Sample [4.9 3.1 1.5 0.1] expected [1. 0. 0.] produced [0.9854481166477513, 0.01697166564858496, 0.00013340459771751025]
Sample [6.5 3.2 5.1 2. ] expected [0. 0. 1.] produced [0.0022459257681188135, 0.07504578799123211, 0.9275102750941288]
Sample [4.6 3.2 1.4 0.2] expected [1. 0. 0.] produced [0.9858309102830085, 0.016499195488338888, 0.00013190885549540103]
Sample [5.  3.5 1.6 0.6] expected [1. 0. 0.] produced [0.985474214583594, 0.01694328932565469, 0.0001321088750068783]
Sample [5.  2.  3.5 1. ] expected [0. 1. 0.] produced [0.018492025675539526, 0.9883574270715079, 0.00821469524410972]
Sample [6.2 2.2 4.5 1.5] expected [0. 1. 0.] produced [0.00916813168645952, 0.897088167080299, 0.08518027878265996]
Sample [5.  3.5 1.3 0.3] expected [1. 0. 0.] produced [0.9862790645347913, 0.015966866444358397, 0.00012881494728040675]
Sample [5.1 3.3 1.7 0.5] expected [1. 0. 0.] produced [0.984360209512908, 0.01831121292581117, 0.00013720392067045613]
Sample [5.7 3.8 1.7 0.3] expected [1. 0. 0.] produced [0.9861277011027519, 0.016156902436127885, 0.00012860460391942376]
Sample [7.2 3.2 6.  1.8] expected [0. 0. 1.] produced [0.002238514240479538, 0.07451177307139832, 0.9281337291671585]
Sample [6.5 3.  5.2 2. ] expected [0. 0. 1.] produced [0.0022108649751599605, 0.07158804482529246, 0.9310780031832127]
Sample [5.8 2.7 4.1 1. ] expected [0. 1. 0.] produced [0.018809527251406406, 0.989021428723954, 0.007695036208403472]
Sample [5.1 3.8 1.6 0.2] expected [1. 0. 0.] produced [0.9862468279236452, 0.016000984751246655, 0.00012853664917604693]
Sample [5.1 3.5 1.4 0.2] expected [1. 0. 0.] produced [0.9862307518711123, 0.01601779116866575, 0.00012902778391651046]
Sample [5.5 2.5 4.  1.3] expected [0. 1. 0.] produced [0.01628190071038774, 0.9829215765537518, 0.01244995092601356]
Sample [7.2 3.6 6.1 2.5] expected [0. 0. 1.] produced [0.0021996102596446607, 0.07054919850674674, 0.9321548904823368]
Sample [6.8 3.2 5.9 2.3] expected [0. 0. 1.] produced [0.0021996392449024622, 0.07051636347111805, 0.9321856906620658]
Sample [5.8 4.  1.2 0.2] expected [1. 0. 0.] produced [0.9864413592638688, 0.015759051052709742, 0.00012735871453462832]
Sample [6.7 3.1 4.4 1.4] expected [0. 1. 0.] produced [0.01873978441466737, 0.989082849069786, 0.007692572309828566]
Sample [5.2 3.5 1.5 0.2] expected [1. 0. 0.] produced [0.9861166343413372, 0.016150031547578436, 0.00012945003600546242]
Sample [5.5 2.4 3.7 1. ] expected [0. 1. 0.] produced [0.019002360872237337, 0.9889022674490429, 0.007666263287113627]
Sample [5.6 2.8 4.9 2. ] expected [0. 0. 1.] produced [0.002200984048609438, 0.0704449075351009, 0.9322187547535444]
Sample [6.  2.9 4.5 1.5] expected [0. 1. 0.] produced [0.011846209475803497, 0.9528778977998276, 0.036773288406863766]
Sample [6.3 2.3 4.4 1.3] expected [0. 1. 0.] produced [0.018274518419373192, 0.9887273620415568, 0.008115765750130148]
Sample [5.1 3.4 1.5 0.2] expected [1. 0. 0.] produced [0.9859899151268494, 0.01630039997875966, 0.00013025021024950153]
Sample [6.  2.7 5.1 1.6] expected [0. 1. 0.] produced [0.0022136463848485247, 0.07171133886128771, 0.9309406504862725]
Sample [5.1 2.5 3.  1.1] expected [0. 1. 0.] produced [0.02433760947807438, 0.9856496350512598, 0.006749050058604347]
Sample [6.1 2.8 4.7 1.2] expected [0. 1. 0.] produced [0.017204149299056875, 0.9862186011078856, 0.01002234882055045]
Sample [5.6 3.  4.5 1.5] expected [0. 1. 0.] produced [0.003091696368359053, 0.18734634483962795, 0.8089604119802519]
Sample [6.7 3.3 5.7 2.1] expected [0. 0. 1.] produced [0.0022009035569764378, 0.07173897941621839, 0.9309946002981245]
Sample [5.1 3.8 1.9 0.4] expected [1. 0. 0.] produced [0.9855802383089634, 0.016953272858649508, 0.00013023927011803654]
Sample [6.3 3.4 5.6 2.4] expected [0. 0. 1.] produced [0.0021997277414185306, 0.07158249278304962, 0.9311476190598933]
Sample [6.7 3.  5.  1.7] expected [0. 1. 0.] produced [0.012792076304095535, 0.9640862855633072, 0.027708187823569173]
Sample [5.8 2.6 4.  1.2] expected [0. 1. 0.] produced [0.01872865449561535, 0.9891215430193703, 0.0076663993240529485]
Sample [5.  3.4 1.6 0.4] expected [1. 0. 0.] produced [0.9854941638683846, 0.017051935147077944, 0.0001311978752020184]
Sample [5.  2.3 3.3 1. ] expected [0. 1. 0.] produced [0.019807407969909905, 0.9884976058986955, 0.007462726029265778]
Sample [7.6 3.  6.6 2.1] expected [0. 0. 1.] produced [0.002199518554985318, 0.07159246113473232, 0.9311484651953429]
Sample [4.9 3.1 1.5 0.1] expected [1. 0. 0.] produced [0.9854480393584203, 0.0170977865473763, 0.00013238636438396182]
Sample [5.  3.  1.6 0.2] expected [1. 0. 0.] produced [0.9841850082542488, 0.018653582153979133, 0.00013781343308000003]
Sample [5.3 3.7 1.5 0.2] expected [1. 0. 0.] produced [0.9862725729874776, 0.016093744961190603, 0.0001273872790988794]
Sample [6.3 2.9 5.6 1.8] expected [0. 0. 1.] produced [0.0022005754626316463, 0.0715993775117764, 0.9311272311714841]
Sample [4.6 3.4 1.4 0.3] expected [1. 0. 0.] produced [0.9860564001243426, 0.01634850114109626, 0.00012938058074121676]
Sample [5.1 3.5 1.4 0.3] expected [1. 0. 0.] produced [0.9861817363765668, 0.016199053754946808, 0.00012815227357023065]
Sample [4.9 3.  1.4 0.2] expected [1. 0. 0.] produced [0.9853621365092498, 0.01719780321773709, 0.00013295286581620864]
Sample [5.9 3.  4.2 1.5] expected [0. 1. 0.] produced [0.018248178074089766, 0.9881245420638308, 0.00840152176884285]
Sample [6.  3.  4.8 1.8] expected [0. 0. 1.] produced [0.0023340744144734944, 0.08519510818889268, 0.9170905755808157]
Sample [6.9 3.1 5.1 2.3] expected [0. 0. 1.] produced [0.0022929829911151433, 0.08103284105026548, 0.921463274530458]
Sample [6.1 3.  4.9 1.8] expected [0. 0. 1.] produced [0.002322189846517315, 0.08392031778235225, 0.9184321113406828]
Sample [5.4 3.4 1.5 0.4] expected [1. 0. 0.] produced [0.9858442032306779, 0.016599054364791463, 0.00012953512793827818]
Sample [5.5 2.4 3.8 1.1] expected [0. 1. 0.] produced [0.01878403805942644, 0.9890515423257358, 0.00768248228234996]
Sample [4.6 3.6 1.  0.2] expected [1. 0. 0.] produced [0.9865069376734676, 0.015778639788564856, 0.00012773495669396345]
Sample [5.2 2.7 3.9 1.4] expected [0. 1. 0.] produced [0.012004801468592155, 0.9526659665325259, 0.03624986209632395]
Epoch 3000 RMSE = 0.24737169572208087
Epoch 3100 RMSE = 0.22453162494571666
Epoch 3200 RMSE = 0.21886229923556513
Epoch 3300 RMSE = 0.24370009181132704
Epoch 3400 RMSE = 0.21294579586180784
Epoch 3500 RMSE = 0.22479443729758145
Epoch 3600 RMSE = 0.23499711114109895
Epoch 3700 RMSE = 0.21805565092360019
Epoch 3800 RMSE = 0.2064368380858245
Epoch 3900 RMSE = 0.24068840637580594
Sample [5.7 2.6 3.5 1. ] expected [0. 1. 0.] produced [0.017347085319076288, 0.9908639951417317, 0.005666339201083749]
Sample [6.3 2.7 4.9 1.8] expected [0. 0. 1.] produced [0.002265408473881249, 0.13123676419757604, 0.8689153292835218]
Sample [6.3 2.9 5.6 1.8] expected [0. 0. 1.] produced [0.0018573436696612666, 0.07136793645305334, 0.931052883127801]
Sample [6.3 3.3 4.7 1.6] expected [0. 1. 0.] produced [0.01543522213990463, 0.9905486529862747, 0.006687471108109528]
Sample [6.5 3.  5.5 1.8] expected [0. 0. 1.] produced [0.001873517969169061, 0.07330701281652402, 0.9290654948064773]
Sample [5.1 2.5 3.  1.1] expected [0. 1. 0.] produced [0.020601988164924832, 0.9890069577168773, 0.005226666734651293]
Sample [5.9 3.  4.2 1.5] expected [0. 1. 0.] produced [0.015972704345374795, 0.9912976923065275, 0.006056298850741937]
Sample [6.8 2.8 4.8 1.4] expected [0. 1. 0.] produced [0.015919303932727506, 0.9916354792436348, 0.005913958487045914]
Sample [6.7 3.1 4.4 1.4] expected [0. 1. 0.] produced [0.016097304885918883, 0.9915543476078806, 0.005873113172097926]
Sample [5.2 2.7 3.9 1.4] expected [0. 1. 0.] produced [0.012926050057021108, 0.9819215228939513, 0.013070246936988496]
Sample [5.1 3.3 1.7 0.5] expected [1. 0. 0.] produced [0.9864781268875247, 0.0158507780719804, 0.00010375545898894855]
Sample [5.  3.4 1.5 0.2] expected [1. 0. 0.] produced [0.9878758263128797, 0.014122989798191751, 9.868234587385141e-05]
Sample [4.9 3.1 1.5 0.1] expected [1. 0. 0.] produced [0.9874231814952408, 0.014676710081646551, 0.00010091041392104708]
Sample [4.4 3.2 1.3 0.2] expected [1. 0. 0.] produced [0.9879277040740154, 0.014051089081793885, 9.945702154520637e-05]
Sample [6.2 2.8 4.8 1.8] expected [0. 0. 1.] produced [0.0024371795570187816, 0.16183331024536055, 0.8365072666980229]
Sample [4.8 3.1 1.6 0.2] expected [1. 0. 0.] produced [0.9867661613204985, 0.015471679676661609, 0.00010346249980354468]
Sample [6.4 2.7 5.3 1.9] expected [0. 0. 1.] produced [0.0018613294984961958, 0.07164553784848764, 0.9307535068365108]
Sample [5.  2.3 3.3 1. ] expected [0. 1. 0.] produced [0.016945138034932368, 0.9910589423714972, 0.005762429559923067]
Sample [7.7 3.8 6.7 2.2] expected [0. 0. 1.] produced [0.0018571426381826341, 0.07116793396540913, 0.9312440757887659]
Sample [5.1 3.8 1.6 0.2] expected [1. 0. 0.] produced [0.9880998263255077, 0.01382856609978386, 9.758690893787987e-05]
Sample [4.6 3.6 1.  0.2] expected [1. 0. 0.] produced [0.9883128789634819, 0.013559740022598552, 9.765761015883945e-05]
Sample [7.3 2.9 6.3 1.8] expected [0. 0. 1.] produced [0.0018619899657301823, 0.07171441740755154, 0.9306829191591479]
Sample [5.  3.4 1.6 0.4] expected [1. 0. 0.] produced [0.9874614725782093, 0.014608395826265564, 0.00010029226977625243]
Sample [6.4 2.9 4.3 1.3] expected [0. 1. 0.] produced [0.016071838632665758, 0.9915520966612408, 0.005889766414722749]
Sample [5.6 2.8 4.9 2. ] expected [0. 0. 1.] produced [0.0018573527044939049, 0.07096979409481523, 0.931407915009441]
Sample [4.9 3.1 1.5 0.1] expected [1. 0. 0.] produced [0.98742415442896, 0.014645353394227753, 0.0001011113172473791]
Sample [7.9 3.8 6.4 2. ] expected [0. 0. 1.] produced [0.0030253707903326013, 0.2874106203249805, 0.7022310094953154]
Sample [6.6 2.9 4.6 1.3] expected [0. 1. 0.] produced [0.015965104952717073, 0.9915779493166696, 0.005931265950627378]
Sample [4.7 3.2 1.3 0.2] expected [1. 0. 0.] produced [0.9879398137382575, 0.013969608032394875, 9.955767781531601e-05]
Sample [6.1 2.9 4.7 1.4] expected [0. 1. 0.] produced [0.01317956622042812, 0.9839349465433426, 0.011763242316103343]
Sample [4.6 3.4 1.4 0.3] expected [1. 0. 0.] produced [0.9879372871019106, 0.013975205689783492, 9.925132170460995e-05]
Sample [4.9 2.4 3.3 1. ] expected [0. 1. 0.] produced [0.017234072285559808, 0.9908490840041974, 0.005742435391789031]
Sample [7.2 3.2 6.  1.8] expected [0. 0. 1.] produced [0.0019091420802337296, 0.07714793814632491, 0.9251194128103987]
Sample [5.6 3.  4.5 1.5] expected [0. 1. 0.] produced [0.0031808832665605174, 0.3180989778716245, 0.6677812548831128]
Sample [5.9 3.2 4.8 1.8] expected [0. 1. 0.] produced [0.0020981371575981298, 0.10368780705192256, 0.8975105013414743]
Sample [6.2 3.4 5.4 2.3] expected [0. 0. 1.] produced [0.0018568428561465456, 0.07197287216144795, 0.9304605863534127]
Sample [4.7 3.2 1.6 0.2] expected [1. 0. 0.] produced [0.9871293579538312, 0.0151286999978533, 0.00010134411377734105]
Sample [5.1 3.5 1.4 0.2] expected [1. 0. 0.] produced [0.9880865137367939, 0.013946243932726494, 9.719386917436256e-05]
Sample [5.1 3.5 1.4 0.3] expected [1. 0. 0.] produced [0.9880456226082287, 0.013997319749614219, 9.728878763861441e-05]
Sample [7.6 3.  6.6 2.1] expected [0. 0. 1.] produced [0.0018568711989202832, 0.07201821713984079, 0.930431612702436]
Sample [6.5 3.2 5.1 2. ] expected [0. 0. 1.] produced [0.002252617706410492, 0.12986591584577925, 0.8703604719375607]
Sample [5.7 2.8 4.1 1.3] expected [0. 1. 0.] produced [0.01608264398436104, 0.9915257789267152, 0.005888588353459653]
Sample [6.9 3.1 5.1 2.3] expected [0. 0. 1.] produced [0.002177277916123168, 0.11733812429048868, 0.8835311202513494]
Sample [5.1 3.8 1.5 0.3] expected [1. 0. 0.] produced [0.9881361387832042, 0.013865383614953724, 9.686029081827279e-05]
Sample [6.  2.7 5.1 1.6] expected [0. 1. 0.] produced [0.0019187675656859012, 0.07946981254111178, 0.9227751467728477]
Sample [5.8 2.7 3.9 1.2] expected [0. 1. 0.] produced [0.016276083038999706, 0.9915177168834771, 0.005803225222800105]
Sample [5.  3.5 1.6 0.6] expected [1. 0. 0.] produced [0.9874419046382318, 0.014772419123378084, 9.92551905330043e-05]
Sample [7.2 3.6 6.1 2.5] expected [0. 0. 1.] produced [0.0018564787710369283, 0.07220577047033648, 0.9302550450022771]
Sample [6.3 2.3 4.4 1.3] expected [0. 1. 0.] produced [0.015917626946135504, 0.9916842839220865, 0.005880334160082981]
Sample [6.8 3.  5.5 2.1] expected [0. 0. 1.] produced [0.0018736063349160078, 0.074266964864185, 0.9281441144538772]
Sample [5.  2.  3.5 1. ] expected [0. 1. 0.] produced [0.016135350405468398, 0.9915249005016875, 0.005883128925560971]
Sample [6.7 3.  5.  1.7] expected [0. 1. 0.] produced [0.01475865118977185, 0.9892783328851231, 0.0076957697195012605]
Sample [7.7 2.6 6.9 2.3] expected [0. 0. 1.] produced [0.0018562117362077104, 0.07212633022980684, 0.9303327114636201]
Sample [6.  3.4 4.5 1.6] expected [0. 1. 0.] produced [0.015659877128160228, 0.990775635684242, 0.006445999141188461]
Sample [7.7 3.  6.1 2.3] expected [0. 0. 1.] produced [0.0018746875490745106, 0.07437926463527013, 0.928029981163305]
Sample [4.4 2.9 1.4 0.2] expected [1. 0. 0.] produced [0.9868658469423275, 0.015458080477063171, 0.00010326634676689995]
Sample [5.3 3.7 1.5 0.2] expected [1. 0. 0.] produced [0.988122506261188, 0.013913809501809083, 9.669260151485713e-05]
Sample [4.9 3.  1.4 0.2] expected [1. 0. 0.] produced [0.9873499851720486, 0.014863473617580778, 0.00010061525265703414]
Sample [5.8 2.8 5.1 2.4] expected [0. 0. 1.] produced [0.0018566402566105745, 0.07204143286948918, 0.9304005177703228]
Sample [6.1 3.  4.6 1.4] expected [0. 1. 0.] produced [0.0157852282784492, 0.9913440734778733, 0.006108208612690803]
Sample [5.1 3.8 1.9 0.4] expected [1. 0. 0.] produced [0.9875317930768773, 0.01464373129293816, 9.882373059798796e-05]
Sample [5.6 3.  4.1 1.3] expected [0. 1. 0.] produced [0.016215587928297026, 0.9914425280605149, 0.005865403796997983]
Sample [6.4 3.1 5.5 1.8] expected [0. 0. 1.] produced [0.001876151960493401, 0.07442371272930948, 0.9279594515512395]
Sample [4.8 3.  1.4 0.1] expected [1. 0. 0.] produced [0.9874808241377269, 0.014691564578615745, 0.00010038709393239462]
Sample [5.8 2.6 4.  1.2] expected [0. 1. 0.] produced [0.016105331409663845, 0.9915943108971977, 0.005843602029699714]
Sample [6.4 3.2 4.5 1.5] expected [0. 1. 0.] produced [0.016042110638153865, 0.9916212685966915, 0.005853488987535147]
Sample [4.9 2.5 4.5 1.7] expected [0. 0. 1.] produced [0.0018588490085340813, 0.07190523506682597, 0.9304737244491451]
Sample [5.8 2.7 5.1 1.9] expected [0. 0. 1.] produced [0.0018570969198877629, 0.07196884911980314, 0.9304575680130264]
Sample [5.8 4.  1.2 0.2] expected [1. 0. 0.] produced [0.9882623352545866, 0.013728545045532515, 9.601533139867134e-05]
Sample [6.5 2.8 4.6 1.5] expected [0. 1. 0.] produced [0.01591112140078481, 0.9916382728115796, 0.005905338754865029]
Sample [5.  3.3 1.4 0.2] expected [1. 0. 0.] produced [0.9879149895010358, 0.014151816120403065, 9.81073938043843e-05]
Sample [6.7 3.3 5.7 2.1] expected [0. 0. 1.] produced [0.0018589959753451545, 0.07223476036758954, 0.9301863936379177]
Sample [5.5 2.4 3.8 1.1] expected [0. 1. 0.] produced [0.016151910629516403, 0.9915587951677807, 0.005845600782243181]
Sample [5.7 3.8 1.7 0.3] expected [1. 0. 0.] produced [0.9880027568848949, 0.014046411792625049, 9.698082696336078e-05]
Sample [6.3 3.3 6.  2.5] expected [0. 0. 1.] produced [0.0018562278143574578, 0.07189008974122764, 0.9305415468614251]
Sample [5.  3.5 1.3 0.3] expected [1. 0. 0.] produced [0.988127740700875, 0.013883306020474958, 9.714077115182994e-05]
Sample [6.9 3.1 4.9 1.5] expected [0. 1. 0.] produced [0.015930608376565323, 0.99167957281737, 0.00587563647917902]
Sample [6.1 2.8 4.7 1.2] expected [0. 1. 0.] produced [0.015844427952917812, 0.9915105756755708, 0.0060004506383448]
Sample [6.2 2.2 4.5 1.5] expected [0. 1. 0.] produced [0.014593565846640271, 0.9888336430880243, 0.008033767690460424]
Sample [4.3 3.  1.1 0.1] expected [1. 0. 0.] produced [0.9880965410412373, 0.013905352946571676, 9.922939673035063e-05]
Sample [5.5 2.4 3.7 1. ] expected [0. 1. 0.] produced [0.016305362367600655, 0.991479560069132, 0.005817430748942923]
Sample [6.3 3.4 5.6 2.4] expected [0. 0. 1.] produced [0.0018563474941841519, 0.071851946407037, 0.9305674431096209]
Sample [6.9 3.1 5.4 2.1] expected [0. 0. 1.] produced [0.002024249650591217, 0.0940876545121564, 0.9077148150563242]
Sample [6.5 3.  5.2 2. ] expected [0. 0. 1.] produced [0.0019221226714494248, 0.08000882316175051, 0.9222015592700921]
Sample [5.7 2.5 5.  2. ] expected [0. 0. 1.] produced [0.001856775533892208, 0.0717172515898503, 0.9306935926009517]
Sample [5.  3.  1.6 0.2] expected [1. 0. 0.] produced [0.9863380037777424, 0.01608068397164081, 0.00010443253141719659]
Sample [5.2 3.5 1.5 0.2] expected [1. 0. 0.] produced [0.9879915560533484, 0.014036127739251033, 9.761348884774968e-05]
Sample [6.  2.9 4.5 1.5] expected [0. 1. 0.] produced [0.015179082779191916, 0.9900983702606687, 0.007041456171451685]
Sample [5.5 2.5 4.  1.3] expected [0. 1. 0.] produced [0.015802934811097666, 0.991198715527051, 0.00617996798037108]
Sample [4.4 3.  1.3 0.2] expected [1. 0. 0.] produced [0.987596670648137, 0.014511331782660898, 0.0001006532253969984]
Sample [6.1 3.  4.9 1.8] expected [0. 0. 1.] produced [0.0021832329673016197, 0.11788066193368667, 0.8828342688095983]
Sample [6.  3.  4.8 1.8] expected [0. 0. 1.] produced [0.0021896482472782016, 0.11865407264390293, 0.8819676295446252]
Sample [5.8 2.7 4.1 1. ] expected [0. 1. 0.] produced [0.016155962317663655, 0.9915426246163596, 0.005850525836156514]
Sample [5.5 4.2 1.4 0.2] expected [1. 0. 0.] produced [0.9882544760235823, 0.013697871962058275, 9.627875536527008e-05]
Sample [5.7 2.8 4.5 1.3] expected [0. 1. 0.] produced [0.014172544206933745, 0.9874792622028633, 0.009023920159694094]
Sample [5.2 4.1 1.5 0.1] expected [1. 0. 0.] produced [0.9882426991427586, 0.013711066252036259, 9.647499295068638e-05]
Sample [6.3 2.5 4.9 1.5] expected [0. 1. 0.] produced [0.00909312094831707, 0.9456807214154134, 0.042931541858386664]
Sample [5.8 2.7 5.1 1.9] expected [0. 0. 1.] produced [0.0018569648618083586, 0.07156451144195422, 0.9308334154301645]
Sample [6.1 2.6 5.6 1.4] expected [0. 0. 1.] produced [0.0018639940525753582, 0.07242651227438876, 0.9299608138740766]
Sample [6.8 3.2 5.9 2.3] expected [0. 0. 1.] produced [0.0018561991347283903, 0.07149689595496855, 0.9309067046921574]
Sample [5.1 3.4 1.5 0.2] expected [1. 0. 0.] produced [0.9878845807241886, 0.0141412130252073, 9.833935787714862e-05]
Sample [4.8 3.4 1.9 0.2] expected [1. 0. 0.] produced [0.9863865582857652, 0.015994403302484066, 0.00010404059179837605]
Sample [4.6 3.2 1.4 0.2] expected [1. 0. 0.] produced [0.9877474696863028, 0.014304416127443478, 9.957667780040496e-05]
Sample [5.4 3.4 1.5 0.4] expected [1. 0. 0.] produced [0.9877635215535085, 0.014292721479934425, 9.852872383179385e-05]
Sample [7.1 3.  5.9 2.1] expected [0. 0. 1.] produced [0.0018608541147717534, 0.07202370013029548, 0.9303635227157797]
Epoch 4000 RMSE = 0.21619340715701824
Epoch 4100 RMSE = 0.20346235508130964
Epoch 4200 RMSE = 0.21263089388073447
Epoch 4300 RMSE = 0.22241076902685664
Epoch 4400 RMSE = 0.22542821299800644
Epoch 4500 RMSE = 0.22161070287507312
Epoch 4600 RMSE = 0.21559577699967034
Epoch 4700 RMSE = 0.24376501997652303
Epoch 4800 RMSE = 0.23570502192233986
Epoch 4900 RMSE = 0.20757413323589985
Sample [7.6 3.  6.6 2.1] expected [0. 0. 1.] produced [0.0016294903453591717, 0.07303326180930274, 0.929246621125517]
Sample [6.2 3.4 5.4 2.3] expected [0. 0. 1.] produced [0.0016297306433487228, 0.07296605524135338, 0.9292925295725117]
Sample [6.9 3.1 4.9 1.5] expected [0. 1. 0.] produced [0.014171209971550244, 0.9932766651261696, 0.004685957914217105]
Sample [4.6 3.2 1.4 0.2] expected [1. 0. 0.] produced [0.9890504966173838, 0.012996296653819538, 7.869399313905777e-05]
Sample [6.3 3.3 4.7 1.6] expected [0. 1. 0.] produced [0.013991842341925095, 0.9928819059067505, 0.004954875884905201]
Sample [5.1 3.8 1.9 0.4] expected [1. 0. 0.] produced [0.9888598305036986, 0.01324636308671746, 7.8469977161528e-05]
Sample [5.  3.4 1.6 0.4] expected [1. 0. 0.] produced [0.9887996516088229, 0.013319610143395198, 7.893669835034613e-05]
Sample [6.3 3.4 5.6 2.4] expected [0. 0. 1.] produced [0.0016295220807700692, 0.07293706435526673, 0.9293277223111123]
Sample [5.6 2.8 4.9 2. ] expected [0. 0. 1.] produced [0.0016301046622259198, 0.07288513866943806, 0.9293594891799896]
Sample [6.  3.4 4.5 1.6] expected [0. 1. 0.] produced [0.013954754731585719, 0.9925981594774702, 0.005110427962133388]
Sample [5.9 3.  4.2 1.5] expected [0. 1. 0.] produced [0.014263101248445414, 0.9931267160598312, 0.004723616189581223]
Sample [4.6 3.4 1.4 0.3] expected [1. 0. 0.] produced [0.9892189898212475, 0.012779316163296075, 7.792346648352708e-05]
Sample [6.7 3.3 5.7 2.1] expected [0. 0. 1.] produced [0.0016304352090632153, 0.07300772514258135, 0.9292485886583]
Sample [6.5 2.8 4.6 1.5] expected [0. 1. 0.] produced [0.01415815851810775, 0.9932426650068921, 0.004709281464496908]
Sample [4.9 2.5 4.5 1.7] expected [0. 0. 1.] produced [0.0016312193063433165, 0.07276338360884267, 0.9294455650113834]
Sample [4.6 3.6 1.  0.2] expected [1. 0. 0.] produced [0.989546660649217, 0.012358146930035736, 7.703140842616449e-05]
Sample [6.5 3.  5.5 1.8] expected [0. 0. 1.] produced [0.001644443273127682, 0.0749592520129857, 0.9272423438139268]
Sample [7.2 3.6 6.1 2.5] expected [0. 0. 1.] produced [0.0016293957969773253, 0.07278008281033417, 0.9294750049930187]
Sample [7.1 3.  5.9 2.1] expected [0. 0. 1.] produced [0.0016313043213057466, 0.07301889042141631, 0.9292283822830999]
Sample [6.  3.  4.8 1.8] expected [0. 0. 1.] produced [0.0018365669105415462, 0.10577437238325073, 0.8952516160419545]
Sample [5.7 2.8 4.1 1.3] expected [0. 1. 0.] produced [0.01429471567289555, 0.9931549856586571, 0.0047005688259109755]
Sample [5.  2.3 3.3 1. ] expected [0. 1. 0.] produced [0.0150043177660755, 0.9928380750957863, 0.004585075953618615]
Sample [5.9 3.2 4.8 1.8] expected [0. 1. 0.] produced [0.0017875912033429283, 0.09687551264978286, 0.904418762724382]
Sample [4.4 3.2 1.3 0.2] expected [1. 0. 0.] produced [0.989209447418429, 0.012813604999823862, 7.827307129876462e-05]
Sample [6.9 3.1 5.1 2.3] expected [0. 0. 1.] produced [0.0018707861359207412, 0.1130148566032407, 0.8878312759475472]
Sample [6.1 2.8 4.7 1.2] expected [0. 1. 0.] produced [0.014105971743594794, 0.9931663742899722, 0.004765928057756662]
Sample [6.7 3.  5.  1.7] expected [0. 1. 0.] produced [0.013204976285169832, 0.9914512516784834, 0.006047199315128015]
Sample [7.9 3.8 6.4 2. ] expected [0. 0. 1.] produced [0.003739519360617428, 0.5862062624745951, 0.3856688352194044]
Sample [4.7 3.2 1.3 0.2] expected [1. 0. 0.] produced [0.9892213244314838, 0.01270469089723858, 7.857910241160485e-05]
Sample [5.8 2.7 5.1 1.9] expected [0. 0. 1.] produced [0.0016297259058490475, 0.0722972775383106, 0.9299526250991468]
Sample [6.4 2.9 4.3 1.3] expected [0. 1. 0.] produced [0.014280709068638119, 0.9931820256889835, 0.004697508229478919]
Sample [5.8 2.8 5.1 2.4] expected [0. 0. 1.] produced [0.0016295324241537546, 0.07227145310023608, 0.9299798994436538]
Sample [5.1 3.8 1.6 0.2] expected [1. 0. 0.] produced [0.9893640514704478, 0.012526750982143264, 7.741088925327508e-05]
Sample [4.7 3.2 1.6 0.2] expected [1. 0. 0.] produced [0.9885026381033265, 0.013603611129309199, 8.084055601469753e-05]
Sample [6.9 3.1 5.4 2.1] expected [0. 0. 1.] produced [0.0016359470994450685, 0.07316054758195188, 0.9290603585264565]
Sample [5.5 4.2 1.4 0.2] expected [1. 0. 0.] produced [0.9894985936672239, 0.012356797855239384, 7.679057237511477e-05]
Sample [5.6 3.  4.1 1.3] expected [0. 1. 0.] produced [0.014195767225191388, 0.992693701061752, 0.0049701259704362285]
Sample [4.8 3.  1.4 0.1] expected [1. 0. 0.] produced [0.9888175439501726, 0.01320076140198415, 8.012042929231108e-05]
Sample [5.1 3.4 1.5 0.2] expected [1. 0. 0.] produced [0.9891750198720464, 0.01275825971731563, 7.828980108216159e-05]
Sample [5.2 3.5 1.5 0.2] expected [1. 0. 0.] produced [0.9892695043475354, 0.012640664752994583, 7.787400174087943e-05]
Sample [5.5 2.5 4.  1.3] expected [0. 1. 0.] produced [0.013019200011459914, 0.9906707375840504, 0.006566366975813518]
Sample [6.4 3.2 4.5 1.5] expected [0. 1. 0.] produced [0.01422160691236531, 0.9931199393021296, 0.0047513668460086676]
Sample [6.8 3.2 5.9 2.3] expected [0. 0. 1.] produced [0.0016293154830576025, 0.07221391675187641, 0.9300340012374694]
Sample [5.7 2.6 3.5 1. ] expected [0. 1. 0.] produced [0.015338162388640286, 0.9926344069582885, 0.0045489881471906905]
Sample [6.  2.9 4.5 1.5] expected [0. 1. 0.] produced [0.009623961891739264, 0.9739887183603402, 0.019517386739719617]
Sample [6.8 2.8 4.8 1.4] expected [0. 1. 0.] produced [0.014138021764141206, 0.9931913590172485, 0.004750957713641977]
Sample [7.2 3.2 6.  1.8] expected [0. 0. 1.] produced [0.0016389173464813741, 0.0735661458820766, 0.9286477288545119]
Sample [6.3 3.3 6.  2.5] expected [0. 0. 1.] produced [0.0016292584127347365, 0.07215125556582107, 0.9300933096964241]
Sample [6.5 3.2 5.1 2. ] expected [0. 0. 1.] produced [0.0016474393900551216, 0.07457590360881367, 0.9275571535157822]
Sample [6.2 2.8 4.8 1.8] expected [0. 0. 1.] produced [0.001698453517374015, 0.08213791881304332, 0.9197779724916179]
Sample [4.8 3.4 1.9 0.2] expected [1. 0. 0.] produced [0.9878300919266646, 0.014433143702608469, 8.282213787979963e-05]
Sample [6.4 3.1 5.5 1.8] expected [0. 0. 1.] produced [0.001630136216397903, 0.07211912749149833, 0.930103196013266]
Sample [5.2 2.7 3.9 1.4] expected [0. 1. 0.] produced [0.007202634050176344, 0.928185590330063, 0.056599788659775975]
Sample [6.3 2.7 4.9 1.8] expected [0. 0. 1.] produced [0.0016729333528138711, 0.07828588165076829, 0.9237696314928644]
Sample [5.5 2.4 3.8 1.1] expected [0. 1. 0.] produced [0.014333631683182593, 0.9931050646808609, 0.00472172132081878]
Sample [5.1 3.5 1.4 0.3] expected [1. 0. 0.] produced [0.9893163895047897, 0.012561560250562586, 7.786993251004361e-05]
Sample [5.4 3.4 1.5 0.4] expected [1. 0. 0.] produced [0.9890693383537681, 0.012872489110168278, 7.856199946250312e-05]
Sample [5.8 4.  1.2 0.2] expected [1. 0. 0.] produced [0.9895054902478138, 0.012328004851923233, 7.691045996163981e-05]
Sample [5.3 3.7 1.5 0.2] expected [1. 0. 0.] produced [0.9893844881956684, 0.012477785517169857, 7.748065655436626e-05]
Sample [5.  2.  3.5 1. ] expected [0. 1. 0.] produced [0.014246953162256661, 0.9929437683211043, 0.004846133411335551]
Sample [6.  2.7 5.1 1.6] expected [0. 1. 0.] produced [0.0016326503806878762, 0.07237104812691045, 0.9298381885715373]
Sample [5.  3.3 1.4 0.2] expected [1. 0. 0.] produced [0.9892017712225416, 0.012741646599612994, 7.824171316142102e-05]
Sample [5.  3.4 1.5 0.2] expected [1. 0. 0.] produced [0.9891683320202747, 0.012784722860450922, 7.824700000380398e-05]
Sample [6.8 3.  5.5 2.1] expected [0. 0. 1.] produced [0.001629963594670009, 0.07248306319034307, 0.9297670985711043]
Sample [6.3 2.5 4.9 1.5] expected [0. 1. 0.] produced [0.0024867646382662405, 0.25299583298923967, 0.738768794550351]
Sample [5.1 3.8 1.5 0.3] expected [1. 0. 0.] produced [0.9893960924916942, 0.012585749490078482, 7.667225629638443e-05]
Sample [6.6 2.9 4.6 1.3] expected [0. 1. 0.] produced [0.0141976070437486, 0.9932767337974187, 0.0046729966108338735]
Sample [6.4 2.7 5.3 1.9] expected [0. 0. 1.] produced [0.0016309187098332168, 0.07343243056061206, 0.9288279507405218]
Sample [4.3 3.  1.1 0.1] expected [1. 0. 0.] produced [0.9893562944049434, 0.012615189767922506, 7.852387832432718e-05]
Sample [4.9 3.1 1.5 0.1] expected [1. 0. 0.] produced [0.9887682527956723, 0.013370340974329216, 7.939847065788874e-05]
Sample [5.6 3.  4.5 1.5] expected [0. 1. 0.] produced [0.0030602663181418985, 0.40950753772091547, 0.5696342315425963]
Sample [4.9 2.4 3.3 1. ] expected [0. 1. 0.] produced [0.015246974832940371, 0.9927896998439188, 0.004503036784979316]
Sample [5.1 3.3 1.7 0.5] expected [1. 0. 0.] produced [0.9879200436048026, 0.014555169365204203, 8.105966495733575e-05]
Sample [4.8 3.1 1.6 0.2] expected [1. 0. 0.] produced [0.9881794456157681, 0.014217402266659983, 8.070870821007865e-05]
Sample [5.1 2.5 3.  1.1] expected [0. 1. 0.] produced [0.018084009472673346, 0.9913393171720056, 0.004150120813153493]
Sample [6.1 2.6 5.6 1.4] expected [0. 0. 1.] produced [0.0016336622505869495, 0.07462672107479343, 0.9276650087769799]
Sample [4.9 3.  1.4 0.2] expected [1. 0. 0.] produced [0.9887030339391776, 0.013543167887679852, 7.915293362338863e-05]
Sample [6.2 2.2 4.5 1.5] expected [0. 1. 0.] produced [0.01333177527577567, 0.9917878674134722, 0.005800969015225241]
Sample [5.8 2.7 3.9 1.2] expected [0. 1. 0.] produced [0.014447873172669186, 0.9931956923176666, 0.0046068660226848725]
Sample [6.1 3.  4.6 1.4] expected [0. 1. 0.] produced [0.014100901940878843, 0.9931593384210893, 0.004761302725397457]
Sample [5.7 2.5 5.  2. ] expected [0. 0. 1.] produced [0.0016296610948296523, 0.07398055121995904, 0.9283169117754146]
Sample [5.8 2.6 4.  1.2] expected [0. 1. 0.] produced [0.014309913440329579, 0.9932617886903236, 0.004629848441924375]
Sample [5.7 3.8 1.7 0.3] expected [1. 0. 0.] produced [0.9892809765543038, 0.012812666204696989, 7.63763697632744e-05]
Sample [5.8 2.7 5.1 1.9] expected [0. 0. 1.] produced [0.0016297734830307924, 0.07396317786633357, 0.9283263713654453]
Sample [4.9 3.1 1.5 0.1] expected [1. 0. 0.] produced [0.9887676485264584, 0.013454290601185971, 7.890468207904528e-05]
Sample [5.  3.5 1.6 0.6] expected [1. 0. 0.] produced [0.9887817842539861, 0.013442658863813134, 7.827343618037185e-05]
Sample [5.7 2.8 4.5 1.3] expected [0. 1. 0.] produced [0.013088793147840993, 0.9911434002878204, 0.006257616977001767]
Sample [5.1 3.5 1.4 0.2] expected [1. 0. 0.] produced [0.9893527862515419, 0.012713511967854156, 7.656494549418057e-05]
Sample [5.2 4.1 1.5 0.1] expected [1. 0. 0.] produced [0.98948882077347, 0.012543517238328389, 7.583408439266639e-05]
Sample [6.5 3.  5.2 2. ] expected [0. 0. 1.] produced [0.001682241945372029, 0.08181887333755833, 0.9202567758065276]
Sample [4.4 2.9 1.4 0.2] expected [1. 0. 0.] produced [0.9882668894720118, 0.014081437637641124, 8.123035993547245e-05]
Sample [5.  3.5 1.3 0.3] expected [1. 0. 0.] produced [0.9893885764979333, 0.012663584448840227, 7.65092303434317e-05]
Sample [7.7 3.  6.1 2.3] expected [0. 0. 1.] produced [0.0016423584704089622, 0.07581197637311254, 0.9264351599709105]
Sample [6.7 3.1 4.4 1.4] expected [0. 1. 0.] produced [0.01430189694502782, 0.9932628665953459, 0.004629944481378847]
Sample [7.7 2.6 6.9 2.3] expected [0. 0. 1.] produced [0.0016292016923379323, 0.07384886160837875, 0.9284404120218708]
Sample [6.1 3.  4.9 1.8] expected [0. 0. 1.] produced [0.0019175974756933567, 0.12266771962892008, 0.8776988277307759]
Sample [6.1 2.9 4.7 1.4] expected [0. 1. 0.] produced [0.013733713384378097, 0.9925387445017522, 0.005230097163289564]
Sample [5.5 2.4 3.7 1. ] expected [0. 1. 0.] produced [0.014473413476099676, 0.9931685991658958, 0.004616213133492683]
Sample [5.  3.  1.6 0.2] expected [1. 0. 0.] produced [0.9878004447687165, 0.01466933339599793, 8.203968505934464e-05]
Sample [6.3 2.3 4.4 1.3] expected [0. 1. 0.] produced [0.014162541061990113, 0.9933132017776308, 0.004664168165470164]
Sample [6.3 2.9 5.6 1.8] expected [0. 0. 1.] produced [0.0016300227441205738, 0.07381350865117896, 0.928462479134383]
Sample [5.8 2.7 4.1 1. ] expected [0. 1. 0.] produced [0.014350602356126226, 0.9932293904142317, 0.004631456143296692]
Sample [7.3 2.9 6.3 1.8] expected [0. 0. 1.] produced [0.001637105201534183, 0.07484914519339414, 0.9274040732269234]
Sample [4.4 3.  1.3 0.2] expected [1. 0. 0.] produced [0.9889170726224522, 0.013230132295335553, 7.918059821751362e-05]
Sample [7.7 3.8 6.7 2.2] expected [0. 0. 1.] produced [0.0016304256500385985, 0.07384026487751752, 0.928430965819667]
Epoch 5000 RMSE = 0.2446161520201225
Epoch 5100 RMSE = 0.25097113585980413
Epoch 5200 RMSE = 0.22576765030680826
Epoch 5300 RMSE = 0.2133831245691233
Epoch 5400 RMSE = 0.24184590101526102
Epoch 5500 RMSE = 0.23920289807763542
Epoch 5600 RMSE = 0.23527642174593813
Epoch 5700 RMSE = 0.20114417886889377
Epoch 5800 RMSE = 0.21500026834345484
Epoch 5900 RMSE = 0.22884029465426486
Sample [5.4 3.4 1.5 0.4] expected [1. 0. 0.] produced [0.9900392027838619, 0.011973446386603068, 6.429265460475219e-05]
Sample [5.8 2.6 4.  1.2] expected [0. 1. 0.] produced [0.012997727261192912, 0.9943526302932938, 0.003869765155455695]
Sample [5.1 2.5 3.  1.1] expected [0. 1. 0.] produced [0.016294080477871314, 0.9927879382112578, 0.0034910348575045635]
Sample [6.2 2.8 4.8 1.8] expected [0. 0. 1.] produced [0.002248666868229917, 0.25716941886333805, 0.7348984543689485]
Sample [5.  3.4 1.5 0.2] expected [1. 0. 0.] produced [0.9901255912689133, 0.01183076881845349, 6.439483484197243e-05]
Sample [4.6 3.2 1.4 0.2] expected [1. 0. 0.] produced [0.9900189423594624, 0.011963224064792692, 6.506914997032756e-05]
Sample [4.7 3.2 1.6 0.2] expected [1. 0. 0.] produced [0.9895253524011053, 0.012600192262247649, 6.637271088747907e-05]
Sample [6.9 3.1 5.4 2.1] expected [0. 0. 1.] produced [0.0015193909885096687, 0.07871961277420038, 0.9235734009543956]
Sample [4.4 3.  1.3 0.2] expected [1. 0. 0.] produced [0.9898975028188218, 0.01211095486194481, 6.583103396270855e-05]
Sample [4.9 3.1 1.5 0.1] expected [1. 0. 0.] produced [0.9897669627574256, 0.012284860669163183, 6.573338297776279e-05]
Sample [7.7 3.8 6.7 2.2] expected [0. 0. 1.] produced [0.0014664597104760014, 0.070032434157548, 0.9324455741567841]
Sample [5.7 2.8 4.5 1.3] expected [0. 1. 0.] produced [0.011356178622515877, 0.9911445064160077, 0.006292378058862168]
Sample [6.3 3.3 4.7 1.6] expected [0. 1. 0.] produced [0.012735774009826808, 0.9940890149665288, 0.004099693942575847]
Sample [5.7 3.8 1.7 0.3] expected [1. 0. 0.] produced [0.9902282881234507, 0.011697208806391994, 6.375785906784581e-05]
Sample [6.2 2.2 4.5 1.5] expected [0. 1. 0.] produced [0.011810474819087298, 0.9923801241230996, 0.005389006384849835]
Sample [5.7 2.8 4.1 1.3] expected [0. 1. 0.] produced [0.012987314108918761, 0.9943117765615876, 0.0038963956314241924]
Sample [6.2 3.4 5.4 2.3] expected [0. 0. 1.] produced [0.00146643545129195, 0.06994808372337014, 0.932512935306345]
Sample [4.9 3.1 1.5 0.1] expected [1. 0. 0.] produced [0.9897668900634896, 0.012279085569688444, 6.57608711052404e-05]
Sample [5.1 3.8 1.9 0.4] expected [1. 0. 0.] produced [0.9898477285805565, 0.012182239100155102, 6.496397236501866e-05]
Sample [7.2 3.2 6.  1.8] expected [0. 0. 1.] produced [0.001545880309545525, 0.08322535888034246, 0.918948530779976]
Sample [5.5 2.5 4.  1.3] expected [0. 1. 0.] produced [0.012813914723296696, 0.994145405449425, 0.0040452555397028555]
Sample [6.8 2.8 4.8 1.4] expected [0. 1. 0.] produced [0.012874647489436274, 0.9943890558817173, 0.003898837148244626]
Sample [5.5 4.2 1.4 0.2] expected [1. 0. 0.] produced [0.9904203589773044, 0.011444111019862185, 6.323583144215503e-05]
Sample [7.3 2.9 6.3 1.8] expected [0. 0. 1.] produced [0.0014680957171419832, 0.07019250054591167, 0.932270992099551]
Sample [7.6 3.  6.6 2.1] expected [0. 0. 1.] produced [0.0014661906540570776, 0.06986593298899271, 0.9326001703820458]
Sample [5.5 2.4 3.8 1.1] expected [0. 1. 0.] produced [0.01302997940109622, 0.9943128655314667, 0.0038839369739303723]
Sample [6.7 3.1 4.4 1.4] expected [0. 1. 0.] produced [0.012989957655543167, 0.9943349873568397, 0.0038830215941870936]
Sample [5.2 2.7 3.9 1.4] expected [0. 1. 0.] produced [0.01147106111714567, 0.9910555459522103, 0.006264095848503298]
Sample [4.4 2.9 1.4 0.2] expected [1. 0. 0.] produced [0.9893107371507524, 0.012849326527138376, 6.766157465116922e-05]
Sample [6.1 3.  4.9 1.8] expected [0. 0. 1.] produced [0.0015785183486251681, 0.08871883699991889, 0.9132120936174499]
Sample [5.1 3.4 1.5 0.2] expected [1. 0. 0.] produced [0.990132615885538, 0.011799328117094582, 6.44496916840406e-05]
Sample [7.7 2.6 6.9 2.3] expected [0. 0. 1.] produced [0.00146612419543653, 0.06978367586217549, 0.9326757715381238]
Sample [6.  2.7 5.1 1.6] expected [0. 1. 0.] produced [0.0014801540446484952, 0.0718901637437339, 0.930510376317022]
Sample [5.6 3.  4.5 1.5] expected [0. 1. 0.] produced [0.004089296348413119, 0.7421586717691838, 0.22922079926090821]
Sample [6.8 3.  5.5 2.1] expected [0. 0. 1.] produced [0.001473150976425033, 0.07149863822506633, 0.9310082996450935]
Sample [6.1 3.  4.6 1.4] expected [0. 1. 0.] produced [0.012835565066781457, 0.9942963555889458, 0.003956450993822708]
Sample [5.  3.5 1.3 0.3] expected [1. 0. 0.] produced [0.9903215268871176, 0.011615296888678756, 6.361322869915457e-05]
Sample [5.2 3.5 1.5 0.2] expected [1. 0. 0.] produced [0.9902170411657664, 0.011750917145209885, 6.383004738017336e-05]
Sample [4.4 3.2 1.3 0.2] expected [1. 0. 0.] produced [0.9901608192063007, 0.0118148985228621, 6.46605544369095e-05]
Sample [6.3 2.7 4.9 1.8] expected [0. 0. 1.] produced [0.0020034042105068935, 0.18687392908119424, 0.8102549405737263]
Sample [5.8 2.7 5.1 1.9] expected [0. 0. 1.] produced [0.0014665241162700835, 0.07018806023796234, 0.9323283702808628]
Sample [6.3 2.9 5.6 1.8] expected [0. 0. 1.] produced [0.0014665121396751355, 0.0701978561704506, 0.9323208461074579]
Sample [5.  3.4 1.6 0.4] expected [1. 0. 0.] produced [0.989795088888307, 0.012271815305700226, 6.52146859285466e-05]
Sample [6.  2.9 4.5 1.5] expected [0. 1. 0.] produced [0.012497933741278942, 0.9937214424563707, 0.0043795594171083365]
Sample [6.8 3.2 5.9 2.3] expected [0. 0. 1.] produced [0.0014661800817653422, 0.07013722275786677, 0.9323808315131482]
Sample [6.1 2.6 5.6 1.4] expected [0. 0. 1.] produced [0.0014677545711537893, 0.07031987972110759, 0.9321906022450862]
Sample [6.3 3.3 6.  2.5] expected [0. 0. 1.] produced [0.0014661628851563053, 0.07007661411780393, 0.9324362898011278]
Sample [4.7 3.2 1.3 0.2] expected [1. 0. 0.] produced [0.9901730455986534, 0.011771772595355647, 6.458046267395943e-05]
Sample [4.9 2.4 3.3 1. ] expected [0. 1. 0.] produced [0.013804130423329833, 0.9939604892217646, 0.0037808907452094712]
Sample [4.9 3.  1.4 0.2] expected [1. 0. 0.] produced [0.9897094956091962, 0.012368148999417213, 6.592088061814113e-05]
Sample [6.9 3.1 4.9 1.5] expected [0. 1. 0.] produced [0.012880582967257302, 0.994396121598918, 0.003892313819863526]
Sample [5.2 4.1 1.5 0.1] expected [1. 0. 0.] produced [0.9904110097076706, 0.01147364272199908, 6.326333284314162e-05]
Sample [5.9 3.  4.2 1.5] expected [0. 1. 0.] produced [0.012973493385857316, 0.994307463478004, 0.0039024019475517534]
Sample [6.4 3.2 4.5 1.5] expected [0. 1. 0.] produced [0.012954807892271821, 0.9943602779095189, 0.0038826849379452106]
Sample [4.8 3.4 1.9 0.2] expected [1. 0. 0.] produced [0.9889116466181382, 0.01340266991280903, 6.786477563635344e-05]
Sample [5.7 2.5 5.  2. ] expected [0. 0. 1.] produced [0.0014664573229600517, 0.07003039622809827, 0.9324726156469189]
Sample [5.8 2.7 4.1 1. ] expected [0. 1. 0.] produced [0.013031409799820752, 0.9943255542898216, 0.0038740898471776287]
Sample [6.5 3.  5.5 1.8] expected [0. 0. 1.] produced [0.0014765305974664307, 0.07163993042456748, 0.93082962176426]
Sample [6.5 3.  5.2 2. ] expected [0. 0. 1.] produced [0.0014935218759608959, 0.07433570609793061, 0.9280681158001096]
Sample [5.  3.  1.6 0.2] expected [1. 0. 0.] produced [0.98889436531476, 0.013412395495580962, 6.817793093145837e-05]
Sample [6.4 3.1 5.5 1.8] expected [0. 0. 1.] produced [0.0014714716891647888, 0.07075694276996541, 0.9317182714508108]
Sample [6.4 2.7 5.3 1.9] expected [0. 0. 1.] produced [0.0014692777745077608, 0.07038438852875123, 0.9320986713622049]
Sample [5.9 3.2 4.8 1.8] expected [0. 1. 0.] produced [0.0016063761064694557, 0.0936486886494018, 0.9080540239281769]
Sample [6.1 2.8 4.7 1.2] expected [0. 1. 0.] produced [0.012846301262161063, 0.9943505912496806, 0.0039253682680666585]
Sample [6.6 2.9 4.6 1.3] expected [0. 1. 0.] produced [0.012902496579682387, 0.9944024538500665, 0.003878297294395178]
Sample [7.2 3.6 6.1 2.5] expected [0. 0. 1.] produced [0.0014661365360476909, 0.07038693566161124, 0.932127865474992]
Sample [5.  3.5 1.6 0.6] expected [1. 0. 0.] produced [0.9897779735768542, 0.012315230953430373, 6.505398727463359e-05]
Sample [5.1 3.5 1.4 0.3] expected [1. 0. 0.] produced [0.9902591172551, 0.011693784831833086, 6.373626151420537e-05]
Sample [5.  2.  3.5 1. ] expected [0. 1. 0.] produced [0.01302696550535074, 0.9943254903122947, 0.0038827810751251453]
Sample [6.3 2.5 4.9 1.5] expected [0. 1. 0.] produced [0.007975540833914937, 0.9696573657389642, 0.023216033350709115]
Sample [5.1 3.5 1.4 0.2] expected [1. 0. 0.] produced [0.9902906587658566, 0.011653110161937685, 6.367572605152037e-05]
Sample [7.1 3.  5.9 2.1] expected [0. 0. 1.] produced [0.0014676387457455955, 0.07059530932863775, 0.9319135574691474]
Sample [6.5 2.8 4.6 1.5] expected [0. 1. 0.] produced [0.012876890017497459, 0.9943975343502824, 0.0038905577737227896]
Sample [6.1 2.9 4.7 1.4] expected [0. 1. 0.] produced [0.01254780324187267, 0.9938540727507942, 0.004289670872499437]
Sample [4.6 3.4 1.4 0.3] expected [1. 0. 0.] produced [0.9901704236560579, 0.011802171709405578, 6.426714236012183e-05]
Sample [5.8 2.7 3.9 1.2] expected [0. 1. 0.] produced [0.013113814074243238, 0.9943004372344743, 0.003853098415557295]
Sample [5.  2.3 3.3 1. ] expected [0. 1. 0.] produced [0.013593049605905974, 0.9940735408655749, 0.0037990525632971943]
Sample [4.9 2.5 4.5 1.7] expected [0. 0. 1.] produced [0.0014675182531012974, 0.07025583655954111, 0.932208258174106]
Sample [5.8 2.8 5.1 2.4] expected [0. 0. 1.] produced [0.0014662552382044582, 0.07028512988537733, 0.9322171496938362]
Sample [5.3 3.7 1.5 0.2] expected [1. 0. 0.] produced [0.9903194498300796, 0.011609694915730651, 6.347397360104366e-05]
Sample [6.7 3.3 5.7 2.1] expected [0. 0. 1.] produced [0.0014668680543346649, 0.07037084220478064, 0.9321258621867435]
Sample [6.5 3.2 5.1 2. ] expected [0. 0. 1.] produced [0.0017106772034697173, 0.11552214731293979, 0.8854810431484849]
Sample [6.3 2.3 4.4 1.3] expected [0. 1. 0.] produced [0.012874193883678768, 0.9943988765645255, 0.0038930999214086184]
Sample [4.6 3.6 1.  0.2] expected [1. 0. 0.] produced [0.9904609744963184, 0.011412094956999639, 6.361733026755812e-05]
Sample [6.  3.4 4.5 1.6] expected [0. 1. 0.] produced [0.012815188555444392, 0.9940722636043817, 0.004074659563381872]
Sample [7.9 3.8 6.4 2. ] expected [0. 0. 1.] produced [0.00359746205117103, 0.6494470275130211, 0.32217921597456306]
Sample [5.6 2.8 4.9 2. ] expected [0. 0. 1.] produced [0.0014665757905465795, 0.06937233408401387, 0.9330802366491465]
Sample [7.7 3.  6.1 2.3] expected [0. 0. 1.] produced [0.00146628972441975, 0.06940959888630992, 0.9330600248707515]
Sample [5.8 4.  1.2 0.2] expected [1. 0. 0.] produced [0.9904263356201873, 0.011375807257510882, 6.358091022175636e-05]
Sample [5.8 2.7 5.1 1.9] expected [0. 0. 1.] produced [0.001466380168873125, 0.06932412877779645, 0.933134021851093]
Sample [5.5 2.4 3.7 1. ] expected [0. 1. 0.] produced [0.01313525832073783, 0.9942353449221396, 0.0038897089000927585]
Sample [6.4 2.9 4.3 1.3] expected [0. 1. 0.] produced [0.01297132290723606, 0.9943141024183195, 0.003906742094201461]
Sample [5.7 2.6 3.5 1. ] expected [0. 1. 0.] produced [0.013884104977377047, 0.9938805783436677, 0.0037892783038733836]
Sample [4.3 3.  1.1 0.1] expected [1. 0. 0.] produced [0.9902900451876786, 0.011529298034576453, 6.544537075771875e-05]
Sample [6.3 3.4 5.6 2.4] expected [0. 0. 1.] produced [0.0014661321080456707, 0.06930552006099913, 0.9331523275086321]
Sample [5.6 3.  4.1 1.3] expected [0. 1. 0.] produced [0.012960480282905877, 0.9940323293233786, 0.004048752760419688]
Sample [6.9 3.1 5.1 2.3] expected [0. 0. 1.] produced [0.0014791836054027035, 0.07128974381157283, 0.9311118744789152]
Sample [4.8 3.  1.4 0.1] expected [1. 0. 0.] produced [0.9898115334748547, 0.01214225242849373, 6.623354799661423e-05]
Sample [5.1 3.8 1.5 0.3] expected [1. 0. 0.] produced [0.9903291954721892, 0.011489958846571106, 6.403060267294376e-05]
Sample [6.7 3.  5.  1.7] expected [0. 1. 0.] produced [0.007156684926961748, 0.9553535830937422, 0.03492856684608046]
Sample [5.  3.3 1.4 0.2] expected [1. 0. 0.] produced [0.9901562042785704, 0.011707870828870016, 6.483950158594671e-05]
Sample [5.1 3.8 1.6 0.2] expected [1. 0. 0.] produced [0.9903015484247343, 0.011526108619927729, 6.411441358514889e-05]
Sample [4.8 3.1 1.6 0.2] expected [1. 0. 0.] produced [0.9892347161595149, 0.012884252982943876, 6.769729813428335e-05]
Sample [5.1 3.3 1.7 0.5] expected [1. 0. 0.] produced [0.9889991908515277, 0.013191210536557705, 6.800785538841281e-05]
Sample [6.  3.  4.8 1.8] expected [0. 0. 1.] produced [0.0014821888687924605, 0.07152352563582932, 0.9308097044490266]
Epoch 6000 RMSE = 0.21662683203604868
Epoch 6100 RMSE = 0.20303354588257727
Epoch 6200 RMSE = 0.24076348601208022
Epoch 6300 RMSE = 0.20888333769040401
Epoch 6400 RMSE = 0.2213497700192711
Epoch 6500 RMSE = 0.21624014110589163
Epoch 6600 RMSE = 0.2364448189938584
Epoch 6700 RMSE = 0.2168971016589105
Epoch 6800 RMSE = 0.2132474157521329
Epoch 6900 RMSE = 0.22012846352717041
Sample [5.9 3.2 4.8 1.8] expected [0. 1. 0.] produced [0.001352198130606835, 0.07149853399032426, 0.9307310187293992]
Sample [5.  3.3 1.4 0.2] expected [1. 0. 0.] produced [0.990895112766193, 0.011347393325144142, 5.2133256150333885e-05]
Sample [5.  3.4 1.6 0.4] expected [1. 0. 0.] produced [0.9905675249581011, 0.011790700426698985, 5.283127466255998e-05]
Sample [7.2 3.6 6.1 2.5] expected [0. 0. 1.] produced [0.0013413991850741488, 0.07040666669766049, 0.9320035978527398]
Sample [6.4 2.9 4.3 1.3] expected [0. 1. 0.] produced [0.011956428697755102, 0.9953752548979125, 0.003156458244461644]
Sample [7.2 3.2 6.  1.8] expected [0. 0. 1.] produced [0.001345639083820731, 0.07112792345937474, 0.9312651783791619]
Sample [4.9 3.1 1.5 0.1] expected [1. 0. 0.] produced [0.990542945757609, 0.011813667833363834, 5.318661909650913e-05]
Sample [5.3 3.7 1.5 0.2] expected [1. 0. 0.] produced [0.9910425303991611, 0.011147564831291586, 5.15591002782028e-05]
Sample [4.9 2.5 4.5 1.7] expected [0. 0. 1.] produced [0.0013425571948201811, 0.07028021555125129, 0.9320830745688882]
Sample [6.2 2.2 4.5 1.5] expected [0. 1. 0.] produced [0.00764859056975322, 0.9774001101173281, 0.017023863184543055]
Sample [6.8 3.2 5.9 2.3] expected [0. 0. 1.] produced [0.0013414042056644553, 0.07031633067547534, 0.9320859618989938]
Sample [6.8 3.  5.5 2.1] expected [0. 0. 1.] produced [0.001341682934997848, 0.07032042060118353, 0.9320749437547605]
Sample [6.9 3.1 4.9 1.5] expected [0. 1. 0.] produced [0.011869397792841081, 0.9953926857503584, 0.003176459736721055]
Sample [5.5 2.4 3.7 1. ] expected [0. 1. 0.] produced [0.012100180340077819, 0.9953097249903612, 0.0031459667474430008]
Sample [4.9 3.1 1.5 0.1] expected [1. 0. 0.] produced [0.9905429616424147, 0.011805620040438156, 5.322001974317701e-05]
Sample [5.7 3.8 1.7 0.3] expected [1. 0. 0.] produced [0.9909614790811638, 0.011250753628054893, 5.1681061706150025e-05]
Sample [5.6 3.  4.1 1.3] expected [0. 1. 0.] produced [0.011991805877704164, 0.9952181489817613, 0.0032224727749058284]
Sample [6.  3.  4.8 1.8] expected [0. 0. 1.] produced [0.0013546521020081305, 0.07236565911265423, 0.929913944830381]
Sample [7.1 3.  5.9 2.1] expected [0. 0. 1.] produced [0.0013414204586563224, 0.07023032454153186, 0.9321628908000202]
Sample [4.4 2.9 1.4 0.2] expected [1. 0. 0.] produced [0.9901245910964628, 0.012356913896934043, 5.46953304136129e-05]
Sample [5.6 3.  4.5 1.5] expected [0. 1. 0.] produced [0.0017145404267346028, 0.15376727008722987, 0.8445748783491631]
Sample [6.  2.9 4.5 1.5] expected [0. 1. 0.] produced [0.010310233297510959, 0.9922872199563251, 0.005456489433906261]
Sample [5.8 2.7 5.1 1.9] expected [0. 0. 1.] produced [0.001341627004758399, 0.07086249139701992, 0.931537286510626]
Sample [5.  3.5 1.3 0.3] expected [1. 0. 0.] produced [0.9910440801719924, 0.0111882613597752, 5.147994423342711e-05]
Sample [6.3 2.7 4.9 1.8] expected [0. 0. 1.] produced [0.0013938745932722868, 0.0804944247405832, 0.9216727310571629]
Sample [4.4 3.  1.3 0.2] expected [1. 0. 0.] produced [0.9906589983709793, 0.011694701633696857, 5.305486385319072e-05]
Sample [5.1 3.3 1.7 0.5] expected [1. 0. 0.] produced [0.9898404715819061, 0.012815869724182154, 5.4412543727019646e-05]
Sample [5.  3.5 1.6 0.6] expected [1. 0. 0.] produced [0.9905515636402207, 0.011851997153316978, 5.2617355856238765e-05]
Sample [5.5 4.2 1.4 0.2] expected [1. 0. 0.] produced [0.9911330481232589, 0.011069032011121182, 5.1020968667038694e-05]
Sample [6.5 3.  5.2 2. ] expected [0. 0. 1.] produced [0.0013441585603713214, 0.07123948685147208, 0.9311367521214243]
Sample [6.5 2.8 4.6 1.5] expected [0. 1. 0.] produced [0.011847716249030932, 0.9953766433284352, 0.0031875972278295832]
Sample [6.8 2.8 4.8 1.4] expected [0. 1. 0.] produced [0.01186921633718129, 0.9954208426520309, 0.003158494339749255]
Sample [6.3 3.3 4.7 1.6] expected [0. 1. 0.] produced [0.011385836614046364, 0.9945992931518459, 0.003741444552543337]
Sample [6.1 3.  4.9 1.8] expected [0. 0. 1.] produced [0.0013610122577036162, 0.07412989866260762, 0.9281441424499322]
Sample [6.5 3.2 5.1 2. ] expected [0. 0. 1.] produced [0.0013637218838071518, 0.07465902725305434, 0.9276156813371679]
Sample [5.1 3.8 1.9 0.4] expected [1. 0. 0.] produced [0.9906144265836091, 0.011759437702489352, 5.241139678361949e-05]
Sample [4.9 2.4 3.3 1. ] expected [0. 1. 0.] produced [0.012691060716197704, 0.9950760711680043, 0.0030715040703885497]
Sample [6.7 3.  5.  1.7] expected [0. 1. 0.] produced [0.008971259714923775, 0.9873275686844006, 0.009238399059904536]
Sample [5.8 2.7 5.1 1.9] expected [0. 0. 1.] produced [0.001341616609401326, 0.07069303935636698, 0.9316897778026574]
Sample [4.8 3.  1.4 0.1] expected [1. 0. 0.] produced [0.990583405570863, 0.011788878821175986, 5.306352657698035e-05]
Sample [5.  2.  3.5 1. ] expected [0. 1. 0.] produced [0.01198789189011469, 0.9953317625521969, 0.0031730382633418704]
Sample [4.7 3.2 1.6 0.2] expected [1. 0. 0.] produced [0.9903214089476883, 0.01214599678190546, 5.354436336555593e-05]
Sample [6.3 2.9 5.6 1.8] expected [0. 0. 1.] produced [0.0013414704248418843, 0.07067252354818769, 0.9317116689988133]
Sample [6.2 2.8 4.8 1.8] expected [0. 0. 1.] produced [0.0014343413195284775, 0.08822640497385016, 0.9136698602618054]
Sample [5.5 2.4 3.8 1.1] expected [0. 1. 0.] produced [0.012004769001777372, 0.9953592778105489, 0.0031488069722950592]
Sample [7.7 3.  6.1 2.3] expected [0. 0. 1.] produced [0.001341684052906231, 0.0706611421610195, 0.9317188162808091]
Sample [7.6 3.  6.6 2.1] expected [0. 0. 1.] produced [0.0013413347335623652, 0.0705703533206617, 0.9318083435708394]
Sample [5.1 2.5 3.  1.1] expected [0. 1. 0.] produced [0.014931726729443465, 0.9941161083775567, 0.0028535634571112676]
Sample [5.  3.4 1.5 0.2] expected [1. 0. 0.] produced [0.9908681148331404, 0.011398263369854425, 5.205542510956716e-05]
Sample [5.6 2.8 4.9 2. ] expected [0. 0. 1.] produced [0.0013417642803626294, 0.07051510674174116, 0.9318413584802921]
Sample [5.8 2.7 4.1 1. ] expected [0. 1. 0.] produced [0.012007255411253588, 0.99535916628762, 0.0031467804438180783]
Sample [7.3 2.9 6.3 1.8] expected [0. 0. 1.] produced [0.0013414762482237908, 0.07053415930032812, 0.9318378893698755]
Sample [4.6 3.6 1.  0.2] expected [1. 0. 0.] produced [0.9911678042163051, 0.010986053440456478, 5.155063326182634e-05]
Sample [5.1 3.4 1.5 0.2] expected [1. 0. 0.] produced [0.9908744906217359, 0.011384808020209372, 5.2032709465934995e-05]
Sample [5.  2.3 3.3 1. ] expected [0. 1. 0.] produced [0.012504503580394387, 0.9951471344969978, 0.0030969347828211985]
Sample [6.4 2.7 5.3 1.9] expected [0. 0. 1.] produced [0.0013416939665453608, 0.07050959586162342, 0.9318539264115615]
Sample [6.3 3.3 6.  2.5] expected [0. 0. 1.] produced [0.0013413396346104024, 0.07044622120804286, 0.9319193835177044]
Sample [4.7 3.2 1.3 0.2] expected [1. 0. 0.] produced [0.9909096475251282, 0.011327295702856323, 5.2259214824576885e-05]
Sample [5.  3.  1.6 0.2] expected [1. 0. 0.] produced [0.9897487117760402, 0.012897329344649084, 5.5031579000072824e-05]
Sample [6.1 2.8 4.7 1.2] expected [0. 1. 0.] produced [0.011676253208132096, 0.9951096796239575, 0.0033807048113886086]
Sample [4.8 3.1 1.6 0.2] expected [1. 0. 0.] produced [0.9900569014233025, 0.012479079952372928, 5.43087926581842e-05]
Sample [6.9 3.1 5.1 2.3] expected [0. 0. 1.] produced [0.001365418345858943, 0.07470096664322573, 0.9275520271532204]
Sample [6.7 3.3 5.7 2.1] expected [0. 0. 1.] produced [0.001341453966775623, 0.0703833154328871, 0.9319703404373776]
Sample [5.1 3.5 1.4 0.2] expected [1. 0. 0.] produced [0.9910166558427932, 0.011182851865741032, 5.1707193115781976e-05]
Sample [5.1 3.8 1.5 0.3] expected [1. 0. 0.] produced [0.9910515317650762, 0.01113797296918127, 5.149693361820381e-05]
Sample [5.2 4.1 1.5 0.1] expected [1. 0. 0.] produced [0.9911245176097656, 0.011040589996464015, 5.126985647639953e-05]
Sample [6.5 3.  5.5 1.8] expected [0. 0. 1.] produced [0.0013422399147268586, 0.07047560947201316, 0.9318701801879068]
Sample [5.7 2.5 5.  2. ] expected [0. 0. 1.] produced [0.0013416091326663182, 0.0703054997234632, 0.932041555514918]
Sample [5.2 3.5 1.5 0.2] expected [1. 0. 0.] produced [0.990951185881187, 0.01126636324605225, 5.185000581487412e-05]
Sample [5.8 2.7 3.9 1.2] expected [0. 1. 0.] produced [0.012080179666998788, 0.9953205926355596, 0.0031429452404174237]
Sample [6.1 3.  4.6 1.4] expected [0. 1. 0.] produced [0.011544244358452834, 0.9948653874086986, 0.003550677744878093]
Sample [4.3 3.  1.1 0.1] expected [1. 0. 0.] produced [0.9910142105755376, 0.01116610892104574, 5.262788892893033e-05]
Sample [6.4 3.2 4.5 1.5] expected [0. 1. 0.] produced [0.011936733438197974, 0.9953723279935734, 0.0031625654583188638]
Sample [6.2 3.4 5.4 2.3] expected [0. 0. 1.] produced [0.0013415438635491128, 0.07027847400759694, 0.9320567982096711]
Sample [5.7 2.8 4.1 1.3] expected [0. 1. 0.] produced [0.011948176002608597, 0.9953147571054551, 0.0031883732114078942]
Sample [6.9 3.1 5.4 2.1] expected [0. 0. 1.] produced [0.001348681255749533, 0.07153688901900168, 0.9307749030511681]
Sample [5.5 2.5 4.  1.3] expected [0. 1. 0.] produced [0.011614983075767301, 0.9949010841394509, 0.0035090141561374454]
Sample [4.6 3.4 1.4 0.3] expected [1. 0. 0.] produced [0.9909072589270341, 0.011316095981429637, 5.220243599660696e-05]
Sample [5.7 2.8 4.5 1.3] expected [0. 1. 0.] produced [0.00789525330448313, 0.9796307700040577, 0.0151952095866303]
Sample [6.  2.7 5.1 1.6] expected [0. 1. 0.] produced [0.0013434649662430883, 0.07052889364044163, 0.9317946011671219]
Sample [5.4 3.4 1.5 0.4] expected [1. 0. 0.] produced [0.9907916682557267, 0.011510801214812684, 5.20641720875534e-05]
Sample [6.3 2.5 4.9 1.5] expected [0. 1. 0.] produced [0.0025904914559111056, 0.45462350522982786, 0.5238434846960927]
Sample [5.8 2.8 5.1 2.4] expected [0. 0. 1.] produced [0.0013414771072066392, 0.07137702638459816, 0.9310326953003424]
Sample [6.  3.4 4.5 1.6] expected [0. 1. 0.] produced [0.011805072663459844, 0.9951698548749347, 0.003298206679427462]
Sample [4.8 3.4 1.9 0.2] expected [1. 0. 0.] produced [0.9897573484364093, 0.0129918227187268, 5.441184240927063e-05]
Sample [4.4 3.2 1.3 0.2] expected [1. 0. 0.] produced [0.9908980849246959, 0.011430953213424744, 5.2034780093856005e-05]
Sample [7.7 3.8 6.7 2.2] expected [0. 0. 1.] produced [0.00134145707288844, 0.07138068547026846, 0.9310293355463403]
Sample [4.6 3.2 1.4 0.2] expected [1. 0. 0.] produced [0.9907708742680357, 0.011603266109532193, 5.2218382434151384e-05]
Sample [6.1 2.9 4.7 1.4] expected [0. 1. 0.] produced [0.011488189035878008, 0.9948528735825563, 0.0035699539357111477]
Sample [6.3 3.4 5.6 2.4] expected [0. 0. 1.] produced [0.001341410965879495, 0.07131712086119628, 0.9310847609801259]
Sample [4.9 3.  1.4 0.2] expected [1. 0. 0.] produced [0.9904918478929805, 0.011979777626221955, 5.289893690320724e-05]
Sample [6.1 2.6 5.6 1.4] expected [0. 0. 1.] produced [0.0013419386755563053, 0.07136295838091948, 0.9310377804875404]
Sample [5.8 2.6 4.  1.2] expected [0. 1. 0.] produced [0.011977566971858212, 0.9954020657236385, 0.0031296121010375585]
Sample [6.6 2.9 4.6 1.3] expected [0. 1. 0.] produced [0.011895367311648974, 0.9954371434284751, 0.003137402269146271]
Sample [5.9 3.  4.2 1.5] expected [0. 1. 0.] produced [0.01195984087520905, 0.9953800753487644, 0.003144829931057989]
Sample [5.1 3.8 1.6 0.2] expected [1. 0. 0.] produced [0.9910266469346161, 0.011258292686805714, 5.116564921372666e-05]
Sample [7.9 3.8 6.4 2. ] expected [0. 0. 1.] produced [0.00241563463868129, 0.3949762510505467, 0.5874312607396709]
Sample [6.3 2.3 4.4 1.3] expected [0. 1. 0.] produced [0.011862565027426974, 0.9954080782314988, 0.0031683238311186386]
Sample [5.2 2.7 3.9 1.4] expected [0. 1. 0.] produced [0.009001325071852596, 0.9868123483630307, 0.00947602192286764]
Sample [5.1 3.5 1.4 0.3] expected [1. 0. 0.] produced [0.9909885385378456, 0.011255662918337041, 5.1610488287231756e-05]
Sample [6.4 3.1 5.5 1.8] expected [0. 0. 1.] produced [0.0013419041214692638, 0.070790417707938, 0.9316142401980769]
Sample [5.7 2.6 3.5 1. ] expected [0. 1. 0.] produced [0.012766573838110064, 0.99504736168975, 0.0030570361091230005]
Sample [5.8 4.  1.2 0.2] expected [1. 0. 0.] produced [0.9911383909124621, 0.011054183598175924, 5.105579961356798e-05]
Sample [6.7 3.1 4.4 1.4] expected [0. 1. 0.] produced [0.011970808468336641, 0.9953829346398798, 0.0031444688773450253]
Sample [7.7 2.6 6.9 2.3] expected [0. 0. 1.] produced [0.0013412591667308963, 0.07069051084682834, 0.9317216830862368]
Epoch 7000 RMSE = 0.24171086632399197
Epoch 7100 RMSE = 0.2121317398646291
Epoch 7200 RMSE = 0.20067055061878192
Epoch 7300 RMSE = 0.19943748821248344
Epoch 7400 RMSE = 0.20632185229403244
Epoch 7500 RMSE = 0.23571376958452409
Epoch 7600 RMSE = 0.21708923135673916
Epoch 7700 RMSE = 0.21253913506677236
Epoch 7800 RMSE = 0.19804196642080868
Epoch 7900 RMSE = 0.23705337871084728
Sample [6.3 2.9 5.6 1.8] expected [0. 0. 1.] produced [0.0012419666598242085, 0.06790301851514177, 0.9346406452452687]
Sample [6.7 3.  5.  1.7] expected [0. 1. 0.] produced [0.010708090241936027, 0.9957177464114974, 0.0029657258253664087]
Sample [4.3 3.  1.1 0.1] expected [1. 0. 0.] produced [0.9915933627463249, 0.010803664599905779, 4.32871853523907e-05]
Sample [5.  2.  3.5 1. ] expected [0. 1. 0.] produced [0.011179413770081904, 0.9961490661318124, 0.002611173923804577]
Sample [5.9 3.2 4.8 1.8] expected [0. 1. 0.] produced [0.0013406744340851632, 0.08786445693680275, 0.9141054969584352]
Sample [5.7 2.8 4.5 1.3] expected [0. 1. 0.] produced [0.010423100981464204, 0.9952348700254346, 0.003310205652997606]
Sample [6.  3.4 4.5 1.6] expected [0. 1. 0.] produced [0.011085119864554757, 0.9961006803554326, 0.00265302080616457]
Sample [5.7 3.8 1.7 0.3] expected [1. 0. 0.] produced [0.9915481225865332, 0.010925084706914091, 4.2346506084037833e-05]
Sample [4.6 3.6 1.  0.2] expected [1. 0. 0.] produced [0.9917329088901473, 0.010657048867159345, 4.234122427542163e-05]
Sample [5.2 2.7 3.9 1.4] expected [0. 1. 0.] produced [0.01064770318471948, 0.9954129268423728, 0.0031378900332243117]
Sample [5.8 2.7 3.9 1.2] expected [0. 1. 0.] produced [0.011246038790914589, 0.9961438944531473, 0.0025863611691200003]
Sample [4.8 3.1 1.6 0.2] expected [1. 0. 0.] produced [0.9907198703353394, 0.012084300527104307, 4.4494146565521714e-05]
Sample [6.9 3.1 4.9 1.5] expected [0. 1. 0.] produced [0.011064676700790695, 0.996211830751909, 0.0026039133724958226]
Sample [5.4 3.4 1.5 0.4] expected [1. 0. 0.] produced [0.9913936385644833, 0.01113965936960198, 4.2787149007187816e-05]
Sample [5.  2.3 3.3 1. ] expected [0. 1. 0.] produced [0.011629979204341851, 0.9959984383948627, 0.0025530042559242716]
Sample [6.3 2.5 4.9 1.5] expected [0. 1. 0.] produced [0.006611697538346431, 0.9744374158015406, 0.019511551699928475]
Sample [5.5 2.4 3.7 1. ] expected [0. 1. 0.] produced [0.01126379278331693, 0.9961370184014299, 0.0025862943481471043]
Sample [6.4 2.7 5.3 1.9] expected [0. 0. 1.] produced [0.0012430766759650815, 0.06854650747712328, 0.9340131719537228]
Sample [4.9 3.1 1.5 0.1] expected [1. 0. 0.] produced [0.9911663823545812, 0.01145121533991041, 4.356023721063413e-05]
Sample [5.1 3.3 1.7 0.5] expected [1. 0. 0.] produced [0.9905213625131395, 0.012367534048812629, 4.470922959626261e-05]
Sample [5.6 2.8 4.9 2. ] expected [0. 0. 1.] produced [0.001242157442418897, 0.06828000948854253, 0.9342665210290406]
Sample [4.4 3.  1.3 0.2] expected [1. 0. 0.] produced [0.9912705269949108, 0.011295635337873923, 4.3635021775209435e-05]
Sample [6.3 3.3 6.  2.5] expected [0. 0. 1.] produced [0.0012418122534813482, 0.06827102800267733, 0.9342884966441157]
Sample [6.8 2.8 4.8 1.4] expected [0. 1. 0.] produced [0.011060267961262806, 0.9962110478224253, 0.0026060203106787676]
Sample [5.  3.4 1.6 0.4] expected [1. 0. 0.] produced [0.9911883403523091, 0.01141984193705357, 4.332045833876742e-05]
Sample [6.1 2.8 4.7 1.2] expected [0. 1. 0.] produced [0.011047888348055677, 0.996183866135931, 0.002623509821964613]
Sample [5.8 2.7 4.1 1. ] expected [0. 1. 0.] produced [0.011180520042650048, 0.9961659501543441, 0.002594671993427011]
Sample [7.7 3.8 6.7 2.2] expected [0. 0. 1.] produced [0.001241907960284596, 0.06826987865381871, 0.9342862020303638]
Sample [6.  3.  4.8 1.8] expected [0. 0. 1.] produced [0.0013902871044392732, 0.10007060705922877, 0.9015926953306557]
Sample [5.  3.5 1.6 0.6] expected [1. 0. 0.] produced [0.9911729441387355, 0.011434969643415654, 4.332850145531045e-05]
Sample [7.1 3.  5.9 2.1] expected [0. 0. 1.] produced [0.001242223762326972, 0.06823939987488642, 0.9343085737805881]
Sample [6.3 2.3 4.4 1.3] expected [0. 1. 0.] produced [0.011060901141092037, 0.9962056626369561, 0.0026096745031119095]
Sample [6.3 2.7 4.9 1.8] expected [0. 0. 1.] produced [0.0015859940958706654, 0.15400162167065196, 0.8452480957183106]
Sample [5.7 2.6 3.5 1. ] expected [0. 1. 0.] produced [0.011870395656055972, 0.9958977810435257, 0.002531729709433149]
Sample [6.7 3.1 4.4 1.4] expected [0. 1. 0.] produced [0.011148091691619873, 0.9961710761608359, 0.0026014228831568727]
Sample [5.7 2.8 4.1 1.3] expected [0. 1. 0.] produced [0.011153311171329889, 0.9961637360786135, 0.0026044683881486924]
Sample [5.2 3.5 1.5 0.2] expected [1. 0. 0.] produced [0.9915376889154273, 0.010908196640098556, 4.261996856319912e-05]
Sample [6.3 3.4 5.6 2.4] expected [0. 0. 1.] produced [0.0012418360810299116, 0.06800776412827954, 0.9345309704432295]
Sample [5.1 2.5 3.  1.1] expected [0. 1. 0.] produced [0.013854539106778254, 0.9951374574210858, 0.002365265143388821]
Sample [4.4 3.2 1.3 0.2] expected [1. 0. 0.] produced [0.9914877832028884, 0.01096697310532644, 4.3140290795039006e-05]
Sample [5.  3.4 1.5 0.2] expected [1. 0. 0.] produced [0.9914624636766245, 0.011009616951847058, 4.2861876177363866e-05]
Sample [5.2 4.1 1.5 0.1] expected [1. 0. 0.] produced [0.991694076283125, 0.010688649894975217, 4.219381227276471e-05]
Sample [5.  3.  1.6 0.2] expected [1. 0. 0.] produced [0.9904397861618058, 0.012446416813428448, 4.518093934478409e-05]
Sample [6.  2.7 5.1 1.6] expected [0. 1. 0.] produced [0.0012497129369644722, 0.0694334216105376, 0.9330714857588366]
Sample [5.8 2.7 5.1 1.9] expected [0. 0. 1.] produced [0.001241990484832474, 0.06835363387100861, 0.9342030149932169]
Sample [5.1 3.5 1.4 0.3] expected [1. 0. 0.] produced [0.9915716398414895, 0.01088760006337705, 4.2455467859430674e-05]
Sample [6.3 3.3 4.7 1.6] expected [0. 1. 0.] produced [0.011043828545445696, 0.9961449457933023, 0.0026429929586456323]
Sample [6.2 2.2 4.5 1.5] expected [0. 1. 0.] produced [0.010586294764663872, 0.9955465551300977, 0.0030918015331715715]
Sample [5.8 4.  1.2 0.2] expected [1. 0. 0.] produced [0.9917066729799424, 0.010701047332294395, 4.201432930391712e-05]
Sample [5.1 3.8 1.5 0.3] expected [1. 0. 0.] produced [0.9916286074001245, 0.010809035989592982, 4.2256012865037164e-05]
Sample [6.8 3.  5.5 2.1] expected [0. 0. 1.] produced [0.001244146249535512, 0.06877467659475296, 0.9337749615279365]
Sample [6.1 2.6 5.6 1.4] expected [0. 0. 1.] produced [0.0012421569667663292, 0.06835060337923733, 0.9342040976184707]
Sample [5.1 3.4 1.5 0.2] expected [1. 0. 0.] produced [0.9914687207798533, 0.011026530927469093, 4.2727255572261426e-05]
Sample [7.3 2.9 6.3 1.8] expected [0. 0. 1.] produced [0.0012424745043676194, 0.06841417951494727, 0.9341378413204078]
Sample [6.6 2.9 4.6 1.3] expected [0. 1. 0.] produced [0.011080634422902979, 0.996203483804557, 0.0026036739638108384]
Sample [5.5 4.2 1.4 0.2] expected [1. 0. 0.] produced [0.9917021977761853, 0.010700408072995389, 4.203997710253189e-05]
Sample [5.8 2.7 5.1 1.9] expected [0. 0. 1.] produced [0.0012419892875526592, 0.06824079804059593, 0.9343026557650765]
Sample [5.6 3.  4.1 1.3] expected [0. 1. 0.] produced [0.011227698697662844, 0.9961404685360442, 0.002592949716345416]
Sample [5.8 2.8 5.1 2.4] expected [0. 0. 1.] produced [0.0012418867637345528, 0.06821648626047074, 0.9343270425305835]
Sample [6.9 3.1 5.4 2.1] expected [0. 0. 1.] produced [0.0012934072520620259, 0.07848863976159919, 0.9238608593283607]
Sample [5.5 2.4 3.8 1.1] expected [0. 1. 0.] produced [0.011179480320468891, 0.9961628354181301, 0.002597883994594559]
Sample [7.2 3.6 6.1 2.5] expected [0. 0. 1.] produced [0.0012417649357774738, 0.06816151364239348, 0.934378951827577]
Sample [4.9 3.1 1.5 0.1] expected [1. 0. 0.] produced [0.9911667184183363, 0.011433963179000297, 4.361318987848665e-05]
Sample [6.1 3.  4.9 1.8] expected [0. 0. 1.] produced [0.0013522075881342568, 0.09109555556055411, 0.9108655987156529]
Sample [6.5 2.8 4.6 1.5] expected [0. 1. 0.] produced [0.01106381240966502, 0.9962003153488174, 0.002610847661808889]
Sample [5.6 3.  4.5 1.5] expected [0. 1. 0.] produced [0.004463919761881671, 0.8958919886824864, 0.08644017479048842]
Sample [5.  3.3 1.4 0.2] expected [1. 0. 0.] produced [0.9914875787818737, 0.010986743328265674, 4.280388340512437e-05]
Sample [4.9 2.4 3.3 1. ] expected [0. 1. 0.] produced [0.011798521241611135, 0.9959283775647183, 0.002540140378231594]
Sample [5.3 3.7 1.5 0.2] expected [1. 0. 0.] produced [0.9916211317308702, 0.010803103713192633, 4.233718980081094e-05]
Sample [6.1 3.  4.6 1.4] expected [0. 1. 0.] produced [0.011048631534281197, 0.9961594595349514, 0.002635660990949851]
Sample [4.9 3.  1.4 0.2] expected [1. 0. 0.] produced [0.9911196628142023, 0.011500239571228891, 4.375142726574032e-05]
Sample [6.4 2.9 4.3 1.3] expected [0. 1. 0.] produced [0.011134340065889713, 0.9961799882551573, 0.0026005098240316628]
Sample [5.7 2.5 5.  2. ] expected [0. 0. 1.] produced [0.0012419469278740867, 0.06811615851982697, 0.9344274331474683]
Sample [5.9 3.  4.2 1.5] expected [0. 1. 0.] produced [0.011146082188974216, 0.9961646782918028, 0.002604874222556145]
Sample [5.1 3.8 1.6 0.2] expected [1. 0. 0.] produced [0.9916059885003917, 0.010821711674672026, 4.237998347380922e-05]
Sample [5.8 2.6 4.  1.2] expected [0. 1. 0.] produced [0.011153459782656912, 0.9961715608843366, 0.0026002202172324637]
Sample [6.4 3.1 5.5 1.8] expected [0. 0. 1.] produced [0.0012438318326912171, 0.0684692802157373, 0.9340625543434667]
Sample [4.7 3.2 1.6 0.2] expected [1. 0. 0.] produced [0.9909620000499519, 0.011718257529542794, 4.404903669971823e-05]
Sample [4.6 3.4 1.4 0.3] expected [1. 0. 0.] produced [0.9914970880181497, 0.010966935143127415, 4.285557597207023e-05]
Sample [6.2 2.8 4.8 1.8] expected [0. 0. 1.] produced [0.0018734636195227572, 0.25294416589696894, 0.739885188525289]
Sample [7.7 2.6 6.9 2.3] expected [0. 0. 1.] produced [0.0012417192609816042, 0.0677991234207129, 0.934745607898103]
Sample [6.9 3.1 5.1 2.3] expected [0. 0. 1.] produced [0.0013758278919994067, 0.09626697534558844, 0.9055690014282409]
Sample [4.8 3.  1.4 0.1] expected [1. 0. 0.] produced [0.9912035085554048, 0.01134149569433423, 4.379727711565583e-05]
Sample [6.5 3.  5.5 1.8] expected [0. 0. 1.] produced [0.0012443404467969226, 0.06818589774709535, 0.9343390360303234]
Sample [6.  2.9 4.5 1.5] expected [0. 1. 0.] produced [0.010799810032438838, 0.9958063064806281, 0.0028920004462986803]
Sample [5.  3.5 1.3 0.3] expected [1. 0. 0.] produced [0.9916223892584356, 0.010759186508935327, 4.260488987563684e-05]
Sample [5.1 3.5 1.4 0.2] expected [1. 0. 0.] produced [0.9915974199260038, 0.010794427128913153, 4.2640730523046465e-05]
Sample [6.8 3.2 5.9 2.3] expected [0. 0. 1.] produced [0.0012417558125987203, 0.06769039633849068, 0.9348427034081186]
Sample [4.9 2.5 4.5 1.7] expected [0. 0. 1.] produced [0.0012427173592764568, 0.06760701183313052, 0.9348868924836781]
Sample [7.2 3.2 6.  1.8] expected [0. 0. 1.] produced [0.0012769549432450236, 0.0745224825852691, 0.9278886381259254]
Sample [6.5 3.  5.2 2. ] expected [0. 0. 1.] produced [0.0012516059544417284, 0.06943882184175684, 0.9330457089840746]
Sample [7.7 3.  6.1 2.3] expected [0. 0. 1.] produced [0.001243157218539365, 0.0678475097803549, 0.9346712091906233]
Sample [6.5 3.2 5.1 2. ] expected [0. 0. 1.] produced [0.0013438792987580867, 0.08854595057694307, 0.9134736073523241]
Sample [7.6 3.  6.6 2.1] expected [0. 0. 1.] produced [0.0012417327513656144, 0.06750758368018286, 0.9350092194680184]
Sample [4.7 3.2 1.3 0.2] expected [1. 0. 0.] produced [0.9915000989998505, 0.010906985444213469, 4.316321184222361e-05]
Sample [5.1 3.8 1.9 0.4] expected [1. 0. 0.] produced [0.9912304831510216, 0.01129177530246893, 4.337549016201875e-05]
Sample [6.4 3.2 4.5 1.5] expected [0. 1. 0.] produced [0.011120862440206502, 0.9961636661227713, 0.0026158189251137623]
Sample [4.6 3.2 1.4 0.2] expected [1. 0. 0.] produced [0.9913730204547383, 0.011084012820036447, 4.3452328506287165e-05]
Sample [4.4 2.9 1.4 0.2] expected [1. 0. 0.] produced [0.9907812903336645, 0.011906556351264782, 4.500287132933294e-05]
Sample [6.2 3.4 5.4 2.3] expected [0. 0. 1.] produced [0.0012419244834445849, 0.06746787987831906, 0.9350326187192692]
Sample [7.9 3.8 6.4 2. ] expected [0. 0. 1.] produced [0.002052168594542118, 0.32103847157697285, 0.6669671534157122]
Sample [5.5 2.5 4.  1.3] expected [0. 1. 0.] produced [0.010982122562385042, 0.9959772967914866, 0.002754571905533044]
Sample [6.1 2.9 4.7 1.4] expected [0. 1. 0.] produced [0.01023585702395727, 0.9948679348238957, 0.0035814251669655673]
Sample [4.8 3.4 1.9 0.2] expected [1. 0. 0.] produced [0.9904419117384643, 0.012349205744533584, 4.541004969735205e-05]
Sample [6.7 3.3 5.7 2.1] expected [0. 0. 1.] produced [0.0012418449344045069, 0.06706463063938796, 0.9354478068207043]
Epoch 8000 RMSE = 0.19867397930297445
Epoch 8100 RMSE = 0.22674943311994897
Epoch 8200 RMSE = 0.22798781058445197
Epoch 8300 RMSE = 0.21885570488569123
Epoch 8400 RMSE = 0.20731774436189992
Epoch 8500 RMSE = 0.2040400789852193
Epoch 8600 RMSE = 0.19849430846746074
Epoch 8700 RMSE = 0.21060174202265866
Epoch 8800 RMSE = 0.21418401296706455
Epoch 8900 RMSE = 0.22010424801192252
Sample [5.7 2.8 4.1 1.3] expected [0. 1. 0.] produced [0.01045710513375861, 0.9967529144773841, 0.0022166513801793737]
Sample [5.7 2.5 5.  2. ] expected [0. 0. 1.] produced [0.0011602217746805694, 0.06257834436749324, 0.9403121374689949]
Sample [5.6 2.8 4.9 2. ] expected [0. 0. 1.] produced [0.001160349708359787, 0.062549832332173, 0.940327384239761]
Sample [6.8 3.2 5.9 2.3] expected [0. 0. 1.] produced [0.0011600557663700882, 0.06254550947483233, 0.9403427339390114]
Sample [6.4 2.9 4.3 1.3] expected [0. 1. 0.] produced [0.01045457748927283, 0.9967787819741818, 0.0022041046037073846]
Sample [5.1 3.4 1.5 0.2] expected [1. 0. 0.] produced [0.9919614912130024, 0.010595397465547553, 3.6140685701099704e-05]
Sample [4.9 3.1 1.5 0.1] expected [1. 0. 0.] produced [0.9916891169732679, 0.010984980370740173, 3.6813747275861194e-05]
Sample [5.8 4.  1.2 0.2] expected [1. 0. 0.] produced [0.9921743593725942, 0.010292092707969224, 3.558700339908456e-05]
Sample [5.5 2.4 3.7 1. ] expected [0. 1. 0.] produced [0.010574280491017121, 0.9967376133610822, 0.002195341625208837]
Sample [6.3 2.5 4.9 1.5] expected [0. 1. 0.] produced [0.0017464940874786536, 0.24316467681027548, 0.7516486243440123]
Sample [4.8 3.  1.4 0.1] expected [1. 0. 0.] produced [0.9917221788464469, 0.011010038508378511, 3.658278705406478e-05]
Sample [4.6 3.2 1.4 0.2] expected [1. 0. 0.] produced [0.9918741859004645, 0.010789962184613797, 3.625048208183473e-05]
Sample [6.4 3.2 4.5 1.5] expected [0. 1. 0.] produced [0.010441860558124164, 0.996804529921062, 0.002190085287865521]
Sample [6.1 2.6 5.6 1.4] expected [0. 0. 1.] produced [0.0011601850293476682, 0.06326821662193848, 0.9396417960767531]
Sample [6.2 2.2 4.5 1.5] expected [0. 1. 0.] produced [0.009319189754386226, 0.9951837173451653, 0.003402997624678796]
Sample [7.9 3.8 6.4 2. ] expected [0. 0. 1.] produced [0.0014156910307161466, 0.1267466875149503, 0.8745923154604773]
Sample [5.2 2.7 3.9 1.4] expected [0. 1. 0.] produced [0.009302214740263177, 0.9948914567010984, 0.0035625279459879757]
Sample [6.3 2.3 4.4 1.3] expected [0. 1. 0.] produced [0.010384462258932352, 0.9968177321050117, 0.00219948593339158]
Sample [6.3 2.7 4.9 1.8] expected [0. 0. 1.] produced [0.0012332254432333989, 0.07849453162192449, 0.9242259791677291]
Sample [5.5 2.4 3.8 1.1] expected [0. 1. 0.] produced [0.010495506156234692, 0.9967825345642755, 0.0021895719824132857]
Sample [6.9 3.1 5.1 2.3] expected [0. 0. 1.] produced [0.0012083709627197703, 0.07301211024563575, 0.9297859415888121]
Sample [6.8 2.8 4.8 1.4] expected [0. 1. 0.] produced [0.010385036002458261, 0.9968191786421209, 0.002198278328175433]
Sample [6.  3.4 4.5 1.6] expected [0. 1. 0.] produced [0.010303613657281488, 0.9965942520892416, 0.0023332462740621655]
Sample [4.7 3.2 1.3 0.2] expected [1. 0. 0.] produced [0.9919891139203418, 0.010607867959962507, 3.60703719200949e-05]
Sample [5.  3.  1.6 0.2] expected [1. 0. 0.] produced [0.9910314214584902, 0.012005370699405663, 3.781020924030244e-05]
Sample [7.2 3.6 6.1 2.5] expected [0. 0. 1.] produced [0.001160022726427785, 0.06310338886392562, 0.9397919502968308]
Sample [7.2 3.2 6.  1.8] expected [0. 0. 1.] produced [0.0011684239215552132, 0.06473616496444076, 0.9381471614275776]
Sample [5.7 2.6 3.5 1. ] expected [0. 1. 0.] produced [0.011146563527696695, 0.9965596916176556, 0.0021328208480456993]
Sample [5.2 3.5 1.5 0.2] expected [1. 0. 0.] produced [0.9920237933707148, 0.010559434765869185, 3.5792589069224096e-05]
Sample [6.2 2.8 4.8 1.8] expected [0. 0. 1.] produced [0.0013053071896134596, 0.09557998036920051, 0.906727345311224]
Sample [6.3 3.3 6.  2.5] expected [0. 0. 1.] produced [0.0011600182830167876, 0.06301021378404231, 0.9398759485607971]
Sample [5.4 3.4 1.5 0.4] expected [1. 0. 0.] produced [0.9918947832675064, 0.01074114254944491, 3.602561213037467e-05]
Sample [5.8 2.7 3.9 1.2] expected [0. 1. 0.] produced [0.010557618640988437, 0.9967581083069916, 0.002184996827309164]
Sample [5.  3.3 1.4 0.2] expected [1. 0. 0.] produced [0.9919785417766062, 0.010616063904546499, 3.5994618520025685e-05]
Sample [5.6 3.  4.5 1.5] expected [0. 1. 0.] produced [0.002252614120360622, 0.4595539517695348, 0.5204293230236335]
Sample [6.7 3.1 4.4 1.4] expected [0. 1. 0.] produced [0.010467019414629448, 0.9968104080317158, 0.0021780920838308875]
Sample [6.1 2.9 4.7 1.4] expected [0. 1. 0.] produced [0.010263363967827515, 0.9966813335848188, 0.0022976688895228864]
Sample [5.  3.5 1.6 0.6] expected [1. 0. 0.] produced [0.9916933751064568, 0.011106594392982493, 3.6183243421340724e-05]
Sample [6.  3.  4.8 1.8] expected [0. 0. 1.] produced [0.0013085417096272373, 0.09716477721542498, 0.9051288091315403]
Sample [6.6 2.9 4.6 1.3] expected [0. 1. 0.] produced [0.010404228285225123, 0.996830128173564, 0.002184854671051764]
Sample [6.5 3.  5.5 1.8] expected [0. 0. 1.] produced [0.0011633468635061962, 0.06425253803736825, 0.9386676681075117]
Sample [6.5 2.8 4.6 1.5] expected [0. 1. 0.] produced [0.010390058564171382, 0.9968325133404304, 0.00218743605326025]
Sample [4.7 3.2 1.6 0.2] expected [1. 0. 0.] produced [0.9915016305456309, 0.011374806407607902, 3.6758432004705896e-05]
Sample [5.  3.4 1.5 0.2] expected [1. 0. 0.] produced [0.9919558639519246, 0.010713954194472361, 3.578702347961734e-05]
Sample [6.7 3.  5.  1.7] expected [0. 1. 0.] produced [0.010186883580225202, 0.9965983770988274, 0.0023612262404461913]
Sample [6.3 2.9 5.6 1.8] expected [0. 0. 1.] produced [0.0011600933062479914, 0.06359345358672447, 0.9393291379145701]
Sample [4.6 3.4 1.4 0.3] expected [1. 0. 0.] produced [0.9919860866259037, 0.010665484161273806, 3.581948624070057e-05]
Sample [5.8 2.7 5.1 1.9] expected [0. 0. 1.] produced [0.001160183879151642, 0.06355845818511982, 0.9393569072418939]
Sample [5.2 4.1 1.5 0.1] expected [1. 0. 0.] produced [0.9921632826560659, 0.010411205308857729, 3.5273501573778306e-05]
Sample [4.6 3.6 1.  0.2] expected [1. 0. 0.] produced [0.992198498714119, 0.010352408073122338, 3.5485084319749774e-05]
Sample [4.9 2.4 3.3 1. ] expected [0. 1. 0.] produced [0.011073895847984894, 0.996601102812836, 0.002131559277377696]
Sample [7.6 3.  6.6 2.1] expected [0. 0. 1.] produced [0.0011599913589298615, 0.06354716812499346, 0.9393714194566515]
Sample [5.1 3.8 1.9 0.4] expected [1. 0. 0.] produced [0.9917450557492643, 0.011019042302045064, 3.60713969935012e-05]
Sample [5.  2.3 3.3 1. ] expected [0. 1. 0.] produced [0.010915734937667116, 0.9966540842163599, 0.002145559664973248]
Sample [4.8 3.1 1.6 0.2] expected [1. 0. 0.] produced [0.991283301546929, 0.011687666919303617, 3.71938685687116e-05]
Sample [5.1 3.5 1.4 0.3] expected [1. 0. 0.] produced [0.992054071404182, 0.010565561358958446, 3.5575747650906596e-05]
Sample [7.7 3.8 6.7 2.2] expected [0. 0. 1.] produced [0.0011600757327096456, 0.06353881497607965, 0.9393753009191449]
Sample [5.3 3.7 1.5 0.2] expected [1. 0. 0.] produced [0.9920984419867206, 0.010500569696726175, 3.543754141914173e-05]
Sample [4.4 3.2 1.3 0.2] expected [1. 0. 0.] produced [0.9919783127725323, 0.010665293501807066, 3.604009695254388e-05]
Sample [5.8 2.6 4.  1.2] expected [0. 1. 0.] produced [0.010471812164755866, 0.9968039776780625, 0.0021815393546859635]
Sample [6.1 3.  4.9 1.8] expected [0. 0. 1.] produced [0.0012820440755910007, 0.09034269050742685, 0.9121187418214818]
Sample [5.7 2.8 4.5 1.3] expected [0. 1. 0.] produced [0.009904908979325189, 0.9961689204364699, 0.00266771841535328]
Sample [5.  3.4 1.6 0.4] expected [1. 0. 0.] produced [0.9917081271187176, 0.011063752342594348, 3.625683649626388e-05]
Sample [5.1 2.5 3.  1.1] expected [0. 1. 0.] produced [0.013025925386097426, 0.9959296201706223, 0.001984205510503923]
Sample [5.5 2.5 4.  1.3] expected [0. 1. 0.] produced [0.01041285367587894, 0.9967905477234269, 0.002204116749513873]
Sample [5.1 3.8 1.5 0.3] expected [1. 0. 0.] produced [0.9921049081611104, 0.010486947487670043, 3.54366315572648e-05]
Sample [4.9 3.1 1.5 0.1] expected [1. 0. 0.] produced [0.9916891403655551, 0.011086501666569685, 3.6461982694162116e-05]
Sample [5.  2.  3.5 1. ] expected [0. 1. 0.] produced [0.010495227409881664, 0.9967918105842248, 0.0021860164592685254]
Sample [6.9 3.1 5.4 2.1] expected [0. 0. 1.] produced [0.0012168456889850815, 0.07526764000270879, 0.9275195825990857]
Sample [4.8 3.4 1.9 0.2] expected [1. 0. 0.] produced [0.9910276143533842, 0.012056253009154055, 3.757522836067616e-05]
Sample [6.4 3.1 5.5 1.8] expected [0. 0. 1.] produced [0.0011615449126182492, 0.06369923714197251, 0.9391947467987066]
Sample [6.4 2.7 5.3 1.9] expected [0. 0. 1.] produced [0.0011609056918320396, 0.06355618885049887, 0.9393388348052415]
Sample [5.9 3.2 4.8 1.8] expected [0. 1. 0.] produced [0.0012680142756008655, 0.08650718111612883, 0.9159387221242302]
Sample [6.5 3.2 5.1 2. ] expected [0. 0. 1.] produced [0.0013762926348819778, 0.11597668321018641, 0.8857509873329616]
Sample [6.9 3.1 4.9 1.5] expected [0. 1. 0.] produced [0.010389240134371897, 0.9968381000225274, 0.0021836152289711704]
Sample [5.8 2.7 4.1 1. ] expected [0. 1. 0.] produced [0.010496236656077275, 0.9968020650566033, 0.0021748758686776734]
Sample [5.6 3.  4.1 1.3] expected [0. 1. 0.] produced [0.010541889162697672, 0.9967841027279868, 0.0021716215139434133]
Sample [6.7 3.3 5.7 2.1] expected [0. 0. 1.] produced [0.0011601881991248914, 0.06375955990283956, 0.939155539617472]
Sample [5.5 4.2 1.4 0.2] expected [1. 0. 0.] produced [0.9921703509532522, 0.010415623478534076, 3.5169295996396476e-05]
Sample [6.  2.9 4.5 1.5] expected [0. 1. 0.] produced [0.010301819746159166, 0.9967143130417904, 0.00226971094142306]
Sample [5.8 2.8 5.1 2.4] expected [0. 0. 1.] produced [0.0011600752982922917, 0.06370172187931757, 0.9392105325670093]
Sample [6.1 2.8 4.7 1.2] expected [0. 1. 0.] produced [0.010379694385633007, 0.9968227934788819, 0.002194312575333128]
Sample [4.4 2.9 1.4 0.2] expected [1. 0. 0.] produced [0.9913361553930568, 0.011617624678002803, 3.731346410107718e-05]
Sample [6.1 3.  4.6 1.4] expected [0. 1. 0.] produced [0.010386846615170168, 0.9968124073828978, 0.0021975144603530654]
Sample [5.1 3.3 1.7 0.5] expected [1. 0. 0.] produced [0.9911036865089907, 0.011972038069070195, 3.730077308560089e-05]
Sample [7.3 2.9 6.3 1.8] expected [0. 0. 1.] produced [0.0011605229386935714, 0.06379555559148387, 0.9391164457082652]
Sample [5.1 3.5 1.4 0.2] expected [1. 0. 0.] produced [0.992077057665573, 0.01054347575742086, 3.550105573899666e-05]
Sample [4.9 3.  1.4 0.2] expected [1. 0. 0.] produced [0.99164684156768, 0.011166595373616207, 3.650403682407621e-05]
Sample [5.9 3.  4.2 1.5] expected [0. 1. 0.] produced [0.010467387736118562, 0.9968058854340535, 0.002179934878979838]
Sample [7.7 3.  6.1 2.3] expected [0. 0. 1.] produced [0.0011624035843455108, 0.06414573898653096, 0.9387607059543319]
Sample [6.8 3.  5.5 2.1] expected [0. 0. 1.] produced [0.0011623957171219283, 0.06410417870024185, 0.9387959987569313]
Sample [6.3 3.3 4.7 1.6] expected [0. 1. 0.] produced [0.010390836244108841, 0.9968037338267551, 0.0022008117561095573]
Sample [7.1 3.  5.9 2.1] expected [0. 0. 1.] produced [0.001160299027105817, 0.06368018840873821, 0.9392220920404654]
Sample [4.9 2.5 4.5 1.7] expected [0. 0. 1.] produced [0.0011608083401925312, 0.06354234294374693, 0.9393242956207926]
Sample [4.4 3.  1.3 0.2] expected [1. 0. 0.] produced [0.991781605207202, 0.010955331655066337, 3.6482090071726445e-05]
Sample [5.8 2.7 5.1 1.9] expected [0. 0. 1.] produced [0.0011601500311044387, 0.06356056903597086, 0.9393302685128175]
Sample [6.2 3.4 5.4 2.3] expected [0. 0. 1.] produced [0.0011601142196176872, 0.06353944446638297, 0.9393445347500603]
Sample [5.1 3.8 1.6 0.2] expected [1. 0. 0.] produced [0.9920847596621166, 0.010522134154533496, 3.544920637218247e-05]
Sample [6.  2.7 5.1 1.6] expected [0. 1. 0.] produced [0.0011673635923466407, 0.06492773583343588, 0.9379443540176642]
Sample [7.7 2.6 6.9 2.3] expected [0. 0. 1.] produced [0.0011599512279929056, 0.06386382922034753, 0.939054655504295]
Sample [5.7 3.8 1.7 0.3] expected [1. 0. 0.] produced [0.992033725412957, 0.010626203487485497, 3.538339457902779e-05]
Sample [4.3 3.  1.1 0.1] expected [1. 0. 0.] produced [0.9920741064278012, 0.010547633873295038, 3.6023072305614204e-05]
Sample [6.3 3.4 5.6 2.4] expected [0. 0. 1.] produced [0.0011600355226149162, 0.06383584842469978, 0.9390744657568284]
Sample [5.  3.5 1.3 0.3] expected [1. 0. 0.] produced [0.9920996331129522, 0.010523429485848616, 3.542657002594247e-05]
Sample [6.5 3.  5.2 2. ] expected [0. 0. 1.] produced [0.0011768589900127554, 0.06716378256794964, 0.9357141819179422]
Epoch 9000 RMSE = 0.22853644452287983
Epoch 9100 RMSE = 0.22342260110019913
Epoch 9200 RMSE = 0.21866268300722874
Epoch 9300 RMSE = 0.21860953244187467
Epoch 9400 RMSE = 0.20428612824487988
Epoch 9500 RMSE = 0.20348634389075335
Epoch 9600 RMSE = 0.20555402890584834
Epoch 9700 RMSE = 0.21125108056724007
Epoch 9800 RMSE = 0.20006011244233507
Epoch 9900 RMSE = 0.1989828122761207
Sample [5.1 3.5 1.4 0.2] expected [1. 0. 0.] produced [0.9924804031183941, 0.010373292766379126, 2.9222701334985356e-05]
Sample [5.8 2.7 4.1 1. ] expected [0. 1. 0.] produced [0.009918083925608752, 0.9973448779144083, 0.0017954242160421654]
Sample [5.1 2.5 3.  1.1] expected [0. 1. 0.] produced [0.012323026734398303, 0.9966174844807341, 0.0016349729728838637]
Sample [5.  2.  3.5 1. ] expected [0. 1. 0.] produced [0.00991583097386586, 0.9973425070620253, 0.0018005174976246025]
Sample [5.  3.  1.6 0.2] expected [1. 0. 0.] produced [0.9915255621177375, 0.011831024836712879, 3.086213115102509e-05]
Sample [5.4 3.4 1.5 0.4] expected [1. 0. 0.] produced [0.9923152883271554, 0.010626515759425383, 2.9441329100213513e-05]
Sample [5.7 2.8 4.1 1.3] expected [0. 1. 0.] produced [0.009895277277599673, 0.9973494742989258, 0.0017980927349305253]
Sample [5.7 2.5 5.  2. ] expected [0. 0. 1.] produced [0.001091657923243909, 0.06056725282034059, 0.9422963254132689]
Sample [6.1 2.6 5.6 1.4] expected [0. 0. 1.] produced [0.0010916299810228146, 0.06055910115271102, 0.9423042355085688]
Sample [6.1 3.  4.9 1.8] expected [0. 0. 1.] produced [0.0011428771598326801, 0.07153961539633935, 0.9311982438113253]
Sample [5.8 2.6 4.  1.2] expected [0. 1. 0.] produced [0.009894812076427131, 0.9973501316637557, 0.0017982488686475024]
Sample [5.2 3.5 1.5 0.2] expected [1. 0. 0.] produced [0.9924322537959982, 0.010441009631617823, 2.9293658775451472e-05]
Sample [6.5 2.8 4.6 1.5] expected [0. 1. 0.] produced [0.00981845249259942, 0.9973710341800407, 0.0018045494992183103]
Sample [4.6 3.6 1.  0.2] expected [1. 0. 0.] produced [0.9925904263307394, 0.010194438409015193, 2.9200876865130848e-05]
Sample [5.  2.3 3.3 1. ] expected [0. 1. 0.] produced [0.010311864514673127, 0.9972249504585929, 0.0017692875572993328]
Sample [5.8 2.7 5.1 1.9] expected [0. 0. 1.] produced [0.001091652756759012, 0.0605010714031324, 0.9423517123814782]
Sample [5.8 2.8 5.1 2.4] expected [0. 0. 1.] produced [0.001091586613701531, 0.060485225617223734, 0.942367382399904]
Sample [6.5 3.  5.2 2. ] expected [0. 0. 1.] produced [0.0010970894398704839, 0.061583413056186045, 0.9412556205408403]
Sample [7.7 3.8 6.7 2.2] expected [0. 0. 1.] produced [0.0010915023121505988, 0.06045574770047653, 0.9423949957984928]
Sample [4.4 3.  1.3 0.2] expected [1. 0. 0.] produced [0.9922104924449932, 0.0107593076343627, 3.0014384570139132e-05]
Sample [4.9 2.4 3.3 1. ] expected [0. 1. 0.] produced [0.010460749203604897, 0.9971782839760652, 0.0017593177396013615]
Sample [5.5 4.2 1.4 0.2] expected [1. 0. 0.] produced [0.9925642633640164, 0.01023595205518094, 2.900622220710976e-05]
Sample [5.6 3.  4.1 1.3] expected [0. 1. 0.] produced [0.009959848373118155, 0.997326102512179, 0.0017952935872413674]
Sample [6.9 3.1 4.9 1.5] expected [0. 1. 0.] produced [0.009818051874573807, 0.9973711387396088, 0.0018046173822812014]
Sample [4.4 2.9 1.4 0.2] expected [1. 0. 0.] produced [0.9918019093945777, 0.01138260519307931, 3.069408838437313e-05]
Sample [5.8 2.7 5.1 1.9] expected [0. 0. 1.] produced [0.0010916456733260993, 0.060421391514384054, 0.9424202788205702]
Sample [5.2 2.7 3.9 1.4] expected [0. 1. 0.] produced [0.00945438127998662, 0.9967983664968136, 0.002188098143425907]
Sample [6.3 2.5 4.9 1.5] expected [0. 1. 0.] produced [0.00429798551915524, 0.9350546303653551, 0.05306307209211694]
Sample [4.7 3.2 1.6 0.2] expected [1. 0. 0.] produced [0.9919545622432862, 0.01115749191623779, 3.022312872399069e-05]
Sample [6.  3.  4.8 1.8] expected [0. 0. 1.] produced [0.001157545041050332, 0.07475681523253293, 0.9279044529049773]
Sample [5.7 2.8 4.5 1.3] expected [0. 1. 0.] produced [0.009086857279329952, 0.9964079862768428, 0.0025013497765631536]
Sample [7.7 2.6 6.9 2.3] expected [0. 0. 1.] produced [0.0010914657070217142, 0.0603984426586016, 0.9424488365053664]
Sample [5.  3.4 1.5 0.2] expected [1. 0. 0.] produced [0.9923704318106975, 0.010521504364192809, 2.9470168890157438e-05]
Sample [4.3 3.  1.1 0.1] expected [1. 0. 0.] produced [0.9924780585518335, 0.010342348017434892, 2.973449286873853e-05]
Sample [6.4 3.1 5.5 1.8] expected [0. 0. 1.] produced [0.0010920429398273744, 0.06046445697982231, 0.9423728735658979]
Sample [4.8 3.  1.4 0.1] expected [1. 0. 0.] produced [0.9921574973936974, 0.010837710370480553, 2.9997567430014252e-05]
Sample [5.9 3.  4.2 1.5] expected [0. 1. 0.] produced [0.009890162514140377, 0.9973438994941315, 0.001802297657595701]
Sample [6.1 2.8 4.7 1.2] expected [0. 1. 0.] produced [0.009801628351484317, 0.9973496411553336, 0.0018197900060423315]
Sample [6.9 3.1 5.4 2.1] expected [0. 0. 1.] produced [0.0011139759291794499, 0.06506040280645044, 0.9377511798629414]
Sample [7.3 2.9 6.3 1.8] expected [0. 0. 1.] produced [0.001091585877426993, 0.060358142575373426, 0.9424801344145445]
Sample [6.  2.9 4.5 1.5] expected [0. 1. 0.] produced [0.00967902448793203, 0.9971999704493003, 0.0019248880619808033]
Sample [4.9 3.1 1.5 0.1] expected [1. 0. 0.] produced [0.9921272949388655, 0.01088217097727388, 2.9985259122246296e-05]
Sample [6.3 3.3 6.  2.5] expected [0. 0. 1.] produced [0.0010914801419491607, 0.06031545324759636, 0.942519704243721]
Sample [6.2 3.4 5.4 2.3] expected [0. 0. 1.] produced [0.001091608676244808, 0.060288699509996595, 0.9425347816615389]
Sample [7.1 3.  5.9 2.1] expected [0. 0. 1.] produced [0.0010915615951128106, 0.06029249482203817, 0.9425373367828344]
Sample [5.5 2.4 3.8 1.1] expected [0. 1. 0.] produced [0.009916636156832932, 0.9973375244900193, 0.0018009678393829322]
Sample [5.6 2.8 4.9 2. ] expected [0. 0. 1.] produced [0.0010917395485195512, 0.06024154453044327, 0.9425730103634056]
Sample [5.1 3.8 1.5 0.3] expected [1. 0. 0.] produced [0.992505392787034, 0.010306263442334873, 2.9199439463284407e-05]
Sample [6.  2.7 5.1 1.6] expected [0. 1. 0.] produced [0.0010938533921816091, 0.06066742995023453, 0.9421461837551718]
Sample [6.5 3.2 5.1 2. ] expected [0. 0. 1.] produced [0.0011744376137169082, 0.07908679276931033, 0.9235402622805181]
Sample [4.8 3.4 1.9 0.2] expected [1. 0. 0.] produced [0.9915184719385487, 0.011837547187456783, 3.0804124608539136e-05]
Sample [6.9 3.1 5.1 2.3] expected [0. 0. 1.] produced [0.001216358421184229, 0.08978875627140102, 0.912633266664571]
Sample [5.8 2.7 3.9 1.2] expected [0. 1. 0.] produced [0.009975025396314433, 0.9973252336937362, 0.0017922280471845697]
Sample [4.6 3.4 1.4 0.3] expected [1. 0. 0.] produced [0.9923975069042444, 0.010485594856683812, 2.9469386279372037e-05]
Sample [5.5 2.5 4.  1.3] expected [0. 1. 0.] produced [0.009832499384402924, 0.9973312187755781, 0.001822132672278306]
Sample [6.7 3.  5.  1.7] expected [0. 1. 0.] produced [0.009494707901241118, 0.9970112826683603, 0.002067449660212971]
Sample [6.3 3.3 4.7 1.6] expected [0. 1. 0.] produced [0.009809213085256905, 0.9973350469134069, 0.001824542412848388]
Sample [5.1 3.3 1.7 0.5] expected [1. 0. 0.] produced [0.9915908922283697, 0.011723110255459987, 3.0660595306270595e-05]
Sample [6.5 3.  5.5 1.8] expected [0. 0. 1.] produced [0.0010925187581402164, 0.06066224185714367, 0.9421746353022196]
Sample [5.1 3.8 1.6 0.2] expected [1. 0. 0.] produced [0.9924871045612914, 0.010352478115884165, 2.9178701190852805e-05]
Sample [5.9 3.2 4.8 1.8] expected [0. 1. 0.] produced [0.0011417917602978757, 0.07097677512564364, 0.9316745700442924]
Sample [4.4 3.2 1.3 0.2] expected [1. 0. 0.] produced [0.9923902983318577, 0.010520930474514186, 2.9548793475782504e-05]
Sample [6.1 3.  4.6 1.4] expected [0. 1. 0.] produced [0.009807880773854822, 0.9973508534631909, 0.001815798680616037]
Sample [5.8 4.  1.2 0.2] expected [1. 0. 0.] produced [0.9925680904971781, 0.010261906988297927, 2.891320219514966e-05]
Sample [5.  3.4 1.6 0.4] expected [1. 0. 0.] produced [0.9921440801044923, 0.010906233020452337, 2.969968676545154e-05]
Sample [6.3 2.7 4.9 1.8] expected [0. 0. 1.] produced [0.0012473153168146688, 0.0986189466103844, 0.9035987673648189]
Sample [4.7 3.2 1.3 0.2] expected [1. 0. 0.] produced [0.9924008915115722, 0.010502985897911151, 2.946070654633866e-05]
Sample [5.2 4.1 1.5 0.1] expected [1. 0. 0.] produced [0.992558335907686, 0.01027131799132213, 2.8965819671754097e-05]
Sample [5.7 2.6 3.5 1. ] expected [0. 1. 0.] produced [0.010532928030001165, 0.9971647823251517, 0.0017465933152647911]
Sample [7.6 3.  6.6 2.1] expected [0. 0. 1.] produced [0.0010914595067815158, 0.060744155813359436, 0.9421156076195836]
Sample [4.9 3.  1.4 0.2] expected [1. 0. 0.] produced [0.9920890452863435, 0.010977862070875368, 2.996446929124564e-05]
Sample [5.3 3.7 1.5 0.2] expected [1. 0. 0.] produced [0.9924999420651462, 0.010357629174784336, 2.9087610208057834e-05]
Sample [6.3 2.3 4.4 1.3] expected [0. 1. 0.] produced [0.009814843731044227, 0.9973778414989888, 0.0018010791310504055]
Sample [5.  3.5 1.6 0.6] expected [1. 0. 0.] produced [0.9921306548635298, 0.010921054201807256, 2.9705238698949757e-05]
Sample [5.  3.5 1.3 0.3] expected [1. 0. 0.] produced [0.9925009145853222, 0.01035340195019324, 2.9159162182199023e-05]
Sample [6.8 2.8 4.8 1.4] expected [0. 1. 0.] produced [0.009814239911779217, 0.9973789602596544, 0.001800233617802039]
Sample [6.4 3.2 4.5 1.5] expected [0. 1. 0.] produced [0.00986674731227925, 0.997363324982395, 0.001796057866161685]
Sample [6.7 3.3 5.7 2.1] expected [0. 0. 1.] produced [0.0010915590573688117, 0.060727911358199965, 0.9421241512178876]
Sample [4.9 3.1 1.5 0.1] expected [1. 0. 0.] produced [0.9921276534275918, 0.010917392251460736, 2.9883481748482857e-05]
Sample [5.6 3.  4.5 1.5] expected [0. 1. 0.] produced [0.003464764640873685, 0.8588267035275277, 0.12111959313057725]
Sample [6.1 2.9 4.7 1.4] expected [0. 1. 0.] produced [0.00966057027420632, 0.9972044360023901, 0.0019253183308913725]
Sample [6.3 2.9 5.6 1.8] expected [0. 0. 1.] produced [0.001091531749971302, 0.06077268311491543, 0.9420982115725671]
Sample [7.7 3.  6.1 2.3] expected [0. 0. 1.] produced [0.0010922629873579182, 0.0609210780175683, 0.9419488642911019]
Sample [4.9 2.5 4.5 1.7] expected [0. 0. 1.] produced [0.001092213855555787, 0.0606879525039195, 0.9421489477756969]
Sample [5.5 2.4 3.7 1. ] expected [0. 1. 0.] produced [0.00999012374606624, 0.997326854391299, 0.0017881462083722997]
Sample [6.6 2.9 4.6 1.3] expected [0. 1. 0.] produced [0.009831637905214265, 0.9973742983945876, 0.0017987967185855163]
Sample [5.  3.3 1.4 0.2] expected [1. 0. 0.] produced [0.9923913752524391, 0.010520370966117869, 2.9377063644823525e-05]
Sample [6.8 3.2 5.9 2.3] expected [0. 0. 1.] produced [0.0010914653655111012, 0.060714026497353586, 0.9421502672327027]
Sample [7.9 3.8 6.4 2. ] expected [0. 0. 1.] produced [0.001914202486130824, 0.3720845530275491, 0.6143822450198441]
Sample [5.7 3.8 1.7 0.3] expected [1. 0. 0.] produced [0.992441463197251, 0.010403364570912255, 2.9263203504686427e-05]
Sample [5.1 3.5 1.4 0.3] expected [1. 0. 0.] produced [0.992459861153087, 0.010371653032763401, 2.9338622443762632e-05]
Sample [6.7 3.1 4.4 1.4] expected [0. 1. 0.] produced [0.009890427127166548, 0.9973448540933841, 0.0018025386460823016]
Sample [5.1 3.4 1.5 0.2] expected [1. 0. 0.] produced [0.9923760068302022, 0.010498270426236696, 2.9495113982695334e-05]
Sample [4.8 3.1 1.6 0.2] expected [1. 0. 0.] produced [0.9917555514873692, 0.011440345284127695, 3.0611557895341234e-05]
Sample [6.2 2.2 4.5 1.5] expected [0. 1. 0.] produced [0.008484773620195014, 0.9953235068209307, 0.0033100627355668504]
Sample [6.2 2.8 4.8 1.8] expected [0. 0. 1.] produced [0.0011897961539548629, 0.08249899909816184, 0.9200758890947216]
Sample [4.6 3.2 1.4 0.2] expected [1. 0. 0.] produced [0.9922957594203576, 0.010611297757002182, 2.9792103219586082e-05]
Sample [6.4 2.9 4.3 1.3] expected [0. 1. 0.] produced [0.009878362778019933, 0.9973475623013671, 0.001804209523162378]
Sample [5.1 3.8 1.9 0.4] expected [1. 0. 0.] produced [0.9921777436253919, 0.010799723545296848, 2.973434066532152e-05]
Sample [6.3 3.4 5.6 2.4] expected [0. 0. 1.] produced [0.0010915147558773115, 0.060224161175703485, 0.9426309376766957]
Sample [6.8 3.  5.5 2.1] expected [0. 0. 1.] produced [0.0010916938675477749, 0.06024236001755324, 0.9426107953474241]
Sample [7.2 3.2 6.  1.8] expected [0. 0. 1.] produced [0.0010954496866297546, 0.06100311750128194, 0.9418470207371742]
Sample [7.2 3.6 6.1 2.5] expected [0. 0. 1.] produced [0.0010914646846617976, 0.06016887890994143, 0.9426814192371588]
Sample [6.4 2.7 5.3 1.9] expected [0. 0. 1.] produced [0.001091614599116461, 0.06015936514064229, 0.9426861864202525]
Sample [6.  3.4 4.5 1.6] expected [0. 1. 0.] produced [0.009754709121053879, 0.9971955007680738, 0.0019096181118951783]
Epoch 10000 RMSE = 0.19784950813732613
Final Epoch RMSE = 0.19784950813732613
[4.6 3.1 1.5 0.2], [1. 0. 0.], [0.9919919637408449, 0.011063808622094135, 3.0324699008119446e-05]
[5.  3.6 1.4 0.2], [1. 0. 0.], [0.9925063981655203, 0.010288246926480437, 2.9304989259424496e-05]
[5.4 3.9 1.7 0.4], [1. 0. 0.], [0.9924475167274988, 0.010381401549118293, 2.9290447203723572e-05]
[4.9 3.1 1.5 0.1], [1. 0. 0.], [0.9921279399706185, 0.010858465929382706, 3.0051816126892244e-05]
[5.4 3.7 1.5 0.2], [1. 0. 0.], [0.9925016229545444, 0.010297752732372038, 2.9244257614390208e-05]
[4.8 3.4 1.6 0.2], [1. 0. 0.], [0.9922510126256946, 0.01067412216396208, 2.9769127700604146e-05]
[5.7 4.4 1.5 0.4], [1. 0. 0.], [0.9925594586523461, 0.0102127599746339, 2.9070273314557684e-05]
[5.4 3.9 1.3 0.4], [1. 0. 0.], [0.9925508492336828, 0.01022373506452057, 2.9142624208299635e-05]
[5.4 3.4 1.7 0.2], [1. 0. 0.], [0.9921733787199494, 0.010795190685253468, 2.9808237090784607e-05]
[5.1 3.7 1.5 0.4], [1. 0. 0.], [0.992461810543314, 0.010357494400757955, 2.9321533860696694e-05]
[5.2 3.4 1.4 0.2], [1. 0. 0.], [0.9924480657473673, 0.010376161501258288, 2.9405027852822852e-05]
[5.  3.2 1.2 0.2], [1. 0. 0.], [0.9924743624613156, 0.010332629646132846, 2.946519293573978e-05]
[5.5 3.5 1.3 0.2], [1. 0. 0.], [0.9925197655587936, 0.010268857401690363, 2.924456301187732e-05]
[4.5 2.3 1.3 0.3], [1. 0. 0.], [0.9883542627625415, 0.016689179462037435, 3.617429259849679e-05]
[4.8 3.  1.4 0.3], [1. 0. 0.], [0.9919790993218792, 0.011083554897425492, 3.0321638474841458e-05]
[7.  3.2 4.7 1.4], [0. 1. 0.], [0.009847706795244469, 0.9973543827901523, 0.0018078223737752195]
[5.5 2.3 4.  1.3], [0. 1. 0.], [0.009622586237998656, 0.9971143423344244, 0.0019849413473768947]
[6.  2.2 4.  1. ], [0. 1. 0.], [0.009848879717084065, 0.9973538074768842, 0.0018090355058405319]
[5.6 2.9 3.6 1.3], [0. 1. 0.], [0.010539459269033618, 0.9971463709563736, 0.0017558584108867165]
[5.6 2.5 3.9 1.1], [0. 1. 0.], [0.009911332587909443, 0.997334798822308, 0.0018042632817571085]
[6.1 2.8 4.  1.3], [0. 1. 0.], [0.00995354366271085, 0.9973225460538551, 0.0017999133597769508]
[6.6 3.  4.4 1.4], [0. 1. 0.], [0.009867256370824706, 0.9973484274508749, 0.0018063764974756674]
[5.4 3.  4.5 1.5], [0. 1. 0.], [0.001153003369176626, 0.07265755279811045, 0.9298269856756343]
[6.7 3.1 4.7 1.5], [0. 1. 0.], [0.009829664354133143, 0.9973675207642422, 0.0018040042674752862]
[5.5 2.6 4.4 1.2], [0. 1. 0.], [0.006620425833913463, 0.9874972210440864, 0.009285750863316468]
[5.6 2.7 4.2 1.3], [0. 1. 0.], [0.009718791184562382, 0.997214016389867, 0.0019082964658993186]
[5.7 3.  4.2 1.2], [0. 1. 0.], [0.009934832480878581, 0.9973343193459572, 0.001797019718291929]
[5.7 2.9 4.2 1.3], [0. 1. 0.], [0.009878024400691514, 0.9973373637018271, 0.0018084737784890177]
[6.2 2.9 4.3 1.3], [0. 1. 0.], [0.009873787615746987, 0.9973545605235058, 0.0018006067636339275]
[6.5 3.  5.8 2.2], [0. 0. 1.], [0.0010914557091405, 0.06047506762499281, 0.9423912548693693]
[6.7 2.5 5.8 1.8], [0. 0. 1.], [0.0010914672566441131, 0.06045539625439451, 0.9424088920064877]
[6.4 3.2 5.3 2.3], [0. 0. 1.], [0.0010915594211802747, 0.060430875161923296, 0.9424228414603624]
[6.  2.2 5.  1.5], [0. 0. 1.], [0.0010925989435727416, 0.06060031675187882, 0.9422547934416872]
[6.9 3.2 5.7 2.3], [0. 0. 1.], [0.0010914697249183602, 0.06039759195069767, 0.9424571738388512]
[7.7 2.8 6.7 2. ], [0. 0. 1.], [0.0010914275650968492, 0.06037937121854072, 0.9424751330982124]
[6.4 2.8 5.6 2.1], [0. 0. 1.], [0.0010914711420420247, 0.06035707421348154, 0.9424937739410286]
[7.2 3.  5.8 1.6], [0. 0. 1.], [0.0017446262450640784, 0.29005943244566185, 0.7017370827435419]
[7.4 2.8 6.1 1.9], [0. 0. 1.], [0.0010915732648434176, 0.06006538109982767, 0.9427832980876316]
[6.4 2.8 5.6 2.2], [0. 0. 1.], [0.001091465798049167, 0.06001695003468675, 0.9428286610031501]
[6.3 2.8 5.1 1.5], [0. 0. 1.], [0.0012337244665535498, 0.09368888723632737, 0.9086265441398981]
[6.7 3.1 5.6 2.4], [0. 0. 1.], [0.001091463163678192, 0.059954539601227305, 0.9428837341044423]
[6.7 3.3 5.7 2.5], [0. 0. 1.], [0.0010914598236677225, 0.05993570560901412, 0.9428999568811438]
[6.7 3.  5.2 2.3], [0. 0. 1.], [0.0010916689503631114, 0.05993756507829805, 0.9428902413910215]
[6.3 2.5 5.  1.9], [0. 0. 1.], [0.0010919160080780767, 0.05995915268217158, 0.9428677039898642]
[5.9 3.  5.1 1.8], [0. 0. 1.], [0.0010917480087482645, 0.05986747719880171, 0.942945063818533]
RMSE = 0.21165797619413146


# run_sin
Sample [0.14] expected [0.13954311] produced [0.6465132540474989]
Sample [1.19] expected [0.92836897] produced [0.6610227231553302]
Sample [0.48] expected [0.46177918] produced [0.6512674390200704]
Sample [0.25] expected [0.24740396] produced [0.6473647815448385]
Sample [1.22] expected [0.93909936] produced [0.6607682496039813]
Sample [1.29] expected [0.96083506] produced [0.6625610234529684]
Sample [1.54] expected [0.99952583] produced [0.666986455242249]
Sample [1.11] expected [0.89569869] produced [0.6617800313083491]
Sample [0.07] expected [0.06994285] produced [0.6464799144472224]
Sample [0.33] expected [0.32404303] produced [0.649339212938441]
Sample [0.19] expected [0.18885889] produced [0.6464906627659277]
Sample [0.74] expected [0.67428791] produced [0.6538114409171456]
Sample [0.83] expected [0.73793137] produced [0.6551954131936508]
Sample [1.39] expected [0.98370081] produced [0.6635374776891323]
Sample [0.44] expected [0.42593947] produced [0.6503833311158616]
Epoch 0 RMSE = 0.3330552254079608
Epoch 100 RMSE = 0.32448127009169525
Epoch 200 RMSE = 0.31992772200892594
Epoch 300 RMSE = 0.3155772183224428
Epoch 400 RMSE = 0.3098642952604937
Epoch 500 RMSE = 0.2995607516753481
Epoch 600 RMSE = 0.27880040088028335
Epoch 700 RMSE = 0.2474220233745123
Epoch 800 RMSE = 0.215461679019678
Epoch 900 RMSE = 0.18870555715871967
Sample [0.07] expected [0.06994285] produced [0.3250059532735457]
Sample [0.14] expected [0.13954311] produced [0.3614073873021843]
Sample [0.33] expected [0.32404303] produced [0.4640667419293904]
Sample [1.22] expected [0.93909936] produced [0.7633567795486292]
Sample [1.19] expected [0.92836897] produced [0.7592480886818015]
Sample [0.44] expected [0.42593947] produced [0.5218917513647919]
Sample [0.25] expected [0.24740396] produced [0.42083880573405064]
Sample [0.74] expected [0.67428791] produced [0.6497542832105565]
Sample [1.39] expected [0.98370081] produced [0.7848794769573826]
Sample [1.54] expected [0.99952583] produced [0.799010864685008]
Sample [0.19] expected [0.18885889] produced [0.3885187635690152]
Sample [1.11] expected [0.89569869] produced [0.7460666871215754]
Sample [1.29] expected [0.96083506] produced [0.7740395281286152]
Sample [0.48] expected [0.46177918] produced [0.5423341432845197]
Sample [0.83] expected [0.73793137] produced [0.6802516509177393]
Epoch 1000 RMSE = 0.16732441426857644
Epoch 1100 RMSE = 0.15016509714530993
Epoch 1200 RMSE = 0.13616827040784496
Epoch 1300 RMSE = 0.12455314105105453
Epoch 1400 RMSE = 0.11476511294617361
Epoch 1500 RMSE = 0.10640254052985022
Epoch 1600 RMSE = 0.09917657133648335
Epoch 1700 RMSE = 0.09287048539305377
Epoch 1800 RMSE = 0.08732150513948125
Epoch 1900 RMSE = 0.08240330352603094
Sample [0.25] expected [0.24740396] produced [0.30223546487758235]
Sample [1.11] expected [0.89569869] produced [0.8252050913800671]
Sample [1.19] expected [0.92836897] produced [0.8400807689467598]
Sample [1.29] expected [0.96083506] produced [0.854750352925919]
Sample [0.83] expected [0.73793137] produced [0.7402145799221335]
Sample [0.44] expected [0.42593947] produced [0.47630661597780644]
Sample [1.54] expected [0.99952583] produced [0.878264975546233]
Sample [0.48] expected [0.46177918] produced [0.5117464142478635]
Sample [0.74] expected [0.67428791] produced [0.6964760063430598]
Sample [0.19] expected [0.18885889] produced [0.25182927679187134]
Sample [1.22] expected [0.93909936] produced [0.844878282899788]
Sample [0.07] expected [0.06994285] produced [0.16639934219198327]
Sample [0.33] expected [0.32404303] produced [0.3746122055757105]
Sample [0.14] expected [0.13954311] produced [0.21326848934879208]
Sample [1.39] expected [0.98370081] produced [0.8657794597901745]
Epoch 2000 RMSE = 0.07801912618293044
Epoch 2100 RMSE = 0.07408903367160813
Epoch 2200 RMSE = 0.07055018028106755
Epoch 2300 RMSE = 0.0673531840547215
Epoch 2400 RMSE = 0.06445478495973611
Epoch 2500 RMSE = 0.06182051187020006
Epoch 2600 RMSE = 0.059420872894921206
Epoch 2700 RMSE = 0.057231993241530506
Epoch 2800 RMSE = 0.05523211722177709
Epoch 2900 RMSE = 0.05340283270390137
Sample [0.14] expected [0.13954311] produced [0.17124229783967257]
Sample [0.83] expected [0.73793137] produced [0.7605689583923836]
Sample [1.19] expected [0.92836897] produced [0.8694481234667927]
Sample [0.33] expected [0.32404303] produced [0.3397682835589977]
Sample [0.07] expected [0.06994285] produced [0.12676804668875222]
Sample [0.44] expected [0.42593947] produced [0.45437440523908107]
Sample [1.11] expected [0.89569869] produced [0.8539086807479843]
Sample [0.19] expected [0.18885889] produced [0.209224540104687]
Sample [1.29] expected [0.96083506] produced [0.8844745511608295]
Sample [0.25] expected [0.24740396] produced [0.2614501180070473]
Sample [1.39] expected [0.98370081] produced [0.8959743158431696]
Sample [1.54] expected [0.99952583] produced [0.9084586787441716]
Sample [0.74] expected [0.67428791] produced [0.7111890144573672]
Sample [0.48] expected [0.46177918] produced [0.49555432316254605]
Sample [1.22] expected [0.93909936] produced [0.8744301505237696]
Epoch 3000 RMSE = 0.0517281397535812
Epoch 3100 RMSE = 0.050193721660659774
Epoch 3200 RMSE = 0.04878684381977003
Epoch 3300 RMSE = 0.04749607055982668
Epoch 3400 RMSE = 0.04631115504755035
Epoch 3500 RMSE = 0.04522274350557301
Epoch 3600 RMSE = 0.0442222804052519
Epoch 3700 RMSE = 0.04330186427968386
Epoch 3800 RMSE = 0.04245448403044401
Epoch 3900 RMSE = 0.041673359158213186
Sample [1.39] expected [0.98370081] produced [0.912078342589999]
Sample [0.83] expected [0.73793137] produced [0.7707002867497499]
Sample [0.33] expected [0.32404303] produced [0.3224175313231926]
Sample [0.07] expected [0.06994285] produced [0.11173896986215612]
Sample [0.74] expected [0.67428791] produced [0.7174578949332708]
Sample [1.22] expected [0.93909936] produced [0.8900399157012977]
Sample [1.29] expected [0.96083506] produced [0.900391616994677]
Sample [1.19] expected [0.92836897] produced [0.8850283880813351]
Sample [0.14] expected [0.13954311] produced [0.15406517088634147]
Sample [0.44] expected [0.42593947] produced [0.4422778399880543]
Sample [0.19] expected [0.18885889] produced [0.19106115846282046]
Sample [1.11] expected [0.89569869] produced [0.8690521900803324]
Sample [0.48] expected [0.46177918] produced [0.4858437979866503]
Sample [0.25] expected [0.24740396] produced [0.24280830802333778]
Sample [1.54] expected [0.99952583] produced [0.9246350050884976]
Epoch 4000 RMSE = 0.04095282721937137
Epoch 4100 RMSE = 0.04028712862048199
Epoch 4200 RMSE = 0.03967139883417334
Epoch 4300 RMSE = 0.03910102688579824
Epoch 4400 RMSE = 0.03857186195458652
Epoch 4500 RMSE = 0.038080229763289626
Epoch 4600 RMSE = 0.03762257658586476
Epoch 4700 RMSE = 0.03719592616366987
Epoch 4800 RMSE = 0.036797330466711325
Epoch 4900 RMSE = 0.03642416774458652
Sample [0.19] expected [0.18885889] produced [0.18312006502818237]
Sample [0.83] expected [0.73793137] produced [0.7753918784162199]
Sample [0.33] expected [0.32404303] produced [0.3134377101447315]
Sample [1.29] expected [0.96083506] produced [0.9094949621387631]
Sample [0.74] expected [0.67428791] produced [0.719962673350258]
Sample [1.54] expected [0.99952583] produced [0.9339693119565124]
Sample [1.39] expected [0.98370081] produced [0.9213013829745683]
Sample [0.07] expected [0.06994285] produced [0.10590015858551131]
Sample [1.22] expected [0.93909936] produced [0.8989963195710569]
Sample [1.19] expected [0.92836897] produced [0.8938231596010416]
Sample [0.14] expected [0.13954311] produced [0.1469370539956361]
Sample [0.44] expected [0.42593947] produced [0.4349864295491288]
Sample [0.25] expected [0.24740396] produced [0.2341739873009356]
Sample [0.48] expected [0.46177918] produced [0.47963388352343456]
Sample [1.11] expected [0.89569869] produced [0.8774349856549546]
Epoch 5000 RMSE = 0.036074488432818484
Epoch 5100 RMSE = 0.03574592358627953
Epoch 5200 RMSE = 0.03543663876761927
Epoch 5300 RMSE = 0.03514502488301576
Epoch 5400 RMSE = 0.0348694647285857
Epoch 5500 RMSE = 0.03460883946110558
Epoch 5600 RMSE = 0.03436148093844376
Epoch 5700 RMSE = 0.0341267781564579
Epoch 5800 RMSE = 0.03390355209225579
Epoch 5900 RMSE = 0.03369066305282771
Sample [0.48] expected [0.46177918] produced [0.47534344725986927]
Sample [1.54] expected [0.99952583] produced [0.939798898401133]
Sample [0.07] expected [0.06994285] produced [0.10410051908376676]
Sample [0.44] expected [0.42593947] produced [0.4303249189769942]
Sample [0.14] expected [0.13954311] produced [0.14433146915854758]
Sample [0.25] expected [0.24740396] produced [0.23025246246962544]
Sample [0.83] expected [0.73793137] produced [0.7773310874475335]
Sample [0.19] expected [0.18885889] produced [0.17987825922146564]
Sample [1.39] expected [0.98370081] produced [0.9269617384258586]
Sample [1.29] expected [0.96083506] produced [0.9149901101929487]
Sample [1.22] expected [0.93909936] produced [0.9043149606909584]
Sample [0.74] expected [0.67428791] produced [0.7204079053824698]
Sample [1.11] expected [0.89569869] produced [0.8822002587286217]
Sample [1.19] expected [0.92836897] produced [0.8989658166093192]
Sample [0.33] expected [0.32404303] produced [0.3089047551800847]
Epoch 6000 RMSE = 0.033487686298269925
Epoch 6100 RMSE = 0.03329358051468846
Epoch 6200 RMSE = 0.03310783495248247
Epoch 6300 RMSE = 0.032929956824158946
Epoch 6400 RMSE = 0.03275919489701276
Epoch 6500 RMSE = 0.03259506011173876
Epoch 6600 RMSE = 0.03243712805423861
Epoch 6700 RMSE = 0.0322855460703173
Epoch 6800 RMSE = 0.03213924804763096
Epoch 6900 RMSE = 0.03199797913527833
Sample [1.29] expected [0.96083506] produced [0.9185655120638444]
Sample [1.54] expected [0.99952583] produced [0.9437100122356881]
Sample [0.25] expected [0.24740396] produced [0.22878443985009664]
Sample [0.07] expected [0.06994285] produced [0.10407934837284537]
Sample [1.19] expected [0.92836897] produced [0.9023262424650259]
Sample [0.19] expected [0.18885889] produced [0.1790551217789409]
Sample [0.48] expected [0.46177918] produced [0.47253747479606145]
Sample [1.22] expected [0.93909936] produced [0.9077380416048438]
Sample [1.11] expected [0.89569869] produced [0.8852875093898387]
Sample [0.14] expected [0.13954311] produced [0.14389964588587106]
Sample [0.33] expected [0.32404303] produced [0.30673055328293863]
Sample [0.74] expected [0.67428791] produced [0.7200821930942549]
Sample [0.83] expected [0.73793137] produced [0.77801540992172]
Sample [1.39] expected [0.98370081] produced [0.9307212238074422]
Sample [0.44] expected [0.42593947] produced [0.4273551621926884]
Epoch 7000 RMSE = 0.0318616799780775
Epoch 7100 RMSE = 0.031730098078730576
Epoch 7200 RMSE = 0.03160273460686885
Epoch 7300 RMSE = 0.03147944608936359
Epoch 7400 RMSE = 0.03135999467524593
Epoch 7500 RMSE = 0.03124441440497263
Epoch 7600 RMSE = 0.03113219588380204
Epoch 7700 RMSE = 0.031023365302707974
Epoch 7800 RMSE = 0.030917662175098577
Epoch 7900 RMSE = 0.030814985949214453
Sample [1.22] expected [0.93909936] produced [0.909981148253122]
Sample [0.74] expected [0.67428791] produced [0.7189975858805693]
Sample [1.11] expected [0.89569869] produced [0.8870308234815362]
Sample [1.19] expected [0.92836897] produced [0.9044319286341038]
Sample [0.19] expected [0.18885889] produced [0.17891159442589624]
Sample [0.25] expected [0.24740396] produced [0.22813821619276412]
Sample [0.14] expected [0.13954311] produced [0.1441301264826502]
Sample [0.48] expected [0.46177918] produced [0.47006526152223727]
Sample [1.29] expected [0.96083506] produced [0.9210206233891763]
Sample [1.39] expected [0.98370081] produced [0.9333827580405449]
Sample [1.54] expected [0.99952583] produced [0.9464975796957771]
Sample [0.33] expected [0.32404303] produced [0.3053484451625996]
Sample [0.44] expected [0.42593947] produced [0.4254109084570632]
Sample [0.07] expected [0.06994285] produced [0.10468810863846723]
Sample [0.83] expected [0.73793137] produced [0.7780626577255072]
Epoch 8000 RMSE = 0.03071521696686765
Epoch 8100 RMSE = 0.03061817983360982
Epoch 8200 RMSE = 0.030523495196892382
Epoch 8300 RMSE = 0.0304319354466835
Epoch 8400 RMSE = 0.030342475137732555
Epoch 8500 RMSE = 0.030255296934963826
Epoch 8600 RMSE = 0.03017037207468337
Epoch 8700 RMSE = 0.030087394208165426
Epoch 8800 RMSE = 0.030006759487924233
Epoch 8900 RMSE = 0.029927777020443514
Sample [0.25] expected [0.24740396] produced [0.2280272783645061]
Sample [0.33] expected [0.32404303] produced [0.30448599349890154]
Sample [1.29] expected [0.96083506] produced [0.9229175586253568]
Sample [0.74] expected [0.67428791] produced [0.7181748663772208]
Sample [0.19] expected [0.18885889] produced [0.17922838299007127]
Sample [1.39] expected [0.98370081] produced [0.9353694578202657]
Sample [0.48] expected [0.46177918] produced [0.4683646157924759]
Sample [0.83] expected [0.73793137] produced [0.7776945379435581]
Sample [0.44] expected [0.42593947] produced [0.42350366447677984]
Sample [1.19] expected [0.92836897] produced [0.9060428769537846]
Sample [0.14] expected [0.13954311] produced [0.14466782485906066]
Sample [1.54] expected [0.99952583] produced [0.9485819931977014]
Sample [1.11] expected [0.89569869] produced [0.8884330389958345]
Sample [0.07] expected [0.06994285] produced [0.10543042533917635]
Sample [1.22] expected [0.93909936] produced [0.9116526224810466]
Epoch 9000 RMSE = 0.029851058453637776
Epoch 9100 RMSE = 0.0297758912406676
Epoch 9200 RMSE = 0.02970248367480877
Epoch 9300 RMSE = 0.029630921158696175
Epoch 9400 RMSE = 0.029560920280650257
Epoch 9500 RMSE = 0.02949243107995477
Epoch 9600 RMSE = 0.029425519997345714
Epoch 9700 RMSE = 0.02936003149018313
Epoch 9800 RMSE = 0.029295800433680148
Epoch 9900 RMSE = 0.029233177061700148
Sample [1.11] expected [0.89569869] produced [0.8894921563644629]
Sample [0.48] expected [0.46177918] produced [0.46689239313441944]
Sample [0.44] expected [0.42593947] produced [0.42235274323347577]
Sample [1.22] expected [0.93909936] produced [0.91300348431521]
Sample [0.33] expected [0.32404303] produced [0.30393828776116083]
Sample [0.83] expected [0.73793137] produced [0.7774717457522581]
Sample [1.19] expected [0.92836897] produced [0.9073408394270803]
Sample [1.54] expected [0.99952583] produced [0.950292871934736]
Sample [0.07] expected [0.06994285] produced [0.10621304064802872]
Sample [1.29] expected [0.96083506] produced [0.9243473594438519]
Sample [0.74] expected [0.67428791] produced [0.7172264797538496]
Sample [0.19] expected [0.18885889] produced [0.17956011296380678]
Sample [1.39] expected [0.98370081] produced [0.9369312680881492]
Sample [0.14] expected [0.13954311] produced [0.14526483125720896]
Sample [0.25] expected [0.24740396] produced [0.22802414898846785]
Epoch 10000 RMSE = 0.029171911604895785
Final Epoch RMSE = 0.029171911604895785
[0.], [0.], [0.07652996733809336]
[0.01], [0.00999983], [0.08023686392186462]
[0.02], [0.01999867], [0.08410713628795356]
[0.03], [0.0299955], [0.08814587735357525]
[0.04], [0.03998933], [0.0923581319360747]
[0.05], [0.04997917], [0.09674887401520021]
[0.06], [0.05996401], [0.10132298237366712]
[0.08], [0.07991469], [0.11105311631371342]
[0.09], [0.08987855], [0.11620580781668328]
[0.1], [0.09983342], [0.12155990120428954]
[0.11], [0.1097783], [0.12711937783736832]
[0.12], [0.11971221], [0.1328879449210763]
[0.13], [0.12963414], [0.1388690008301334]
[0.15], [0.14943813], [0.15148406878699272]
[0.16], [0.15931821], [0.15811950677276085]
[0.17], [0.16918235], [0.16497721414851668]
[0.18], [0.17902957], [0.17205849350170146]
[0.2], [0.19866933], [0.1868846669175184]
[0.21], [0.2084599], [0.19463858535431433]
[0.22], [0.21822962], [0.20261559103926693]
[0.23], [0.22797752], [0.21081396507213732]
[0.24], [0.23770263], [0.21923128463700658]
[0.26], [0.25708055], [0.23667769425314]
[0.27], [0.26673144], [0.2457287928151771]
[0.28], [0.27635565], [0.25498163182537403]
[0.29], [0.28595223], [0.2644299523670716]
[0.3], [0.29552021], [0.27406669960193614]
[0.31], [0.30505864], [0.2838840283831673]
[0.32], [0.31456656], [0.2938733163882801]
[0.34], [0.33348709], [0.3142744060515668]
[0.35], [0.34289781], [0.3247190546466774]
[0.36], [0.35227423], [0.3352939978309628]
[0.37], [0.36161543], [0.34598721288960477]
[0.38], [0.37092047], [0.35678614828491517]
[0.39], [0.38018842], [0.3676777918803084]
[0.4], [0.38941834], [0.3786487453098015]
[0.41], [0.39860933], [0.38968530351236097]
[0.42], [0.40776045], [0.40077353830016044]
[0.43], [0.4168708], [0.41189938470906046]
[0.45], [0.43496553], [0.4341945119586296]
[0.46], [0.44394811], [0.44534862650377766]
[0.47], [0.45288629], [0.4564844912113372]
[0.49], [0.47062589], [0.47867700320835666]
[0.5], [0.47942554], [0.48967906344133794]
[0.51], [0.48817725], [0.500611483893264]
[0.52], [0.49688014], [0.5114626543168905]
[0.53], [0.50553334], [0.5222215598507303]
[0.54], [0.51413599], [0.5328778190863193]
[0.55], [0.52268723], [0.5434217138529468]
[0.56], [0.5311862], [0.5538442108481788]
[0.57], [0.53963205], [0.5641369754018297]
[0.58], [0.54802394], [0.5742923777977383]
[0.59], [0.55636102], [0.5843034926893225]
[0.6], [0.56464247], [0.5941640922303707]
[0.61], [0.57286746], [0.6038686336020235]
[0.62], [0.58103516], [0.6134122416516828]
[0.63], [0.58914476], [0.6227906873717375]
[0.64], [0.59719544], [0.6320003629382229]
[0.65], [0.60518641], [0.6410382540049266]
[0.66], [0.61311685], [0.6499019099102454]
[0.67], [0.62098599], [0.6585894124055864]
[0.68], [0.62879302], [0.667099343458296]
[0.69], [0.63653718], [0.6754307526218929]
[0.7], [0.64421769], [0.6835831244041927]
[0.71], [0.65183377], [0.6915563460018905]
[0.72], [0.65938467], [0.6993506757099857]
[0.73], [0.66686964], [0.7069667122574353]
[0.75], [0.68163876], [0.7218477763417186]
[0.76], [0.68892145], [0.7289325605947244]
[0.77], [0.69613524], [0.7358442563610097]
[0.78], [0.70327942], [0.7425847547550329]
[0.79], [0.71035327], [0.7491561303884097]
[0.8], [0.71735609], [0.75556062043964]
[0.81], [0.72428717], [0.7618006051826982]
[0.82], [0.73114583], [0.7678785899292705]
[0.84], [0.74464312], [0.779683753744972]
[0.85], [0.75128041], [0.7852893872564446]
[0.86], [0.75784256], [0.7907439928656742]
[0.87], [0.76432894], [0.7960504779377041]
[0.88], [0.77073888], [0.8012117924559145]
[0.89], [0.77707175], [0.8062309190363471]
[0.9], [0.78332691], [0.8111108638108699]
[0.91], [0.78950374], [0.8158546481138403]
[0.92], [0.79560162], [0.8204653009104648]
[0.93], [0.80161994], [0.824945851908833]
[0.94], [0.8075581], [0.8292993253015419]
[0.95], [0.8134155], [0.8335287340867864]
[0.96], [0.81919157], [0.8376370749226745]
[0.97], [0.82488571], [0.8416273234723025]
[0.98], [0.83049737], [0.8455024302006973]
[0.99], [0.83602598], [0.8492653165881067]
[1.], [0.84147098], [0.8529188717272537]
[1.01], [0.84683184], [0.8564659492750518]
[1.02], [0.85210802], [0.8599093647319257]
[1.03], [0.85729899], [0.8632518930242582]
[1.04], [0.86240423], [0.8664962663676576]
[1.05], [0.86742323], [0.8696451723906516]
[1.06], [0.87235548], [0.8727012525001466]
[1.07], [0.8772005], [0.8756671004715165]
[1.08], [0.88195781], [0.8785452612475325]
[1.09], [0.88662691], [0.88133822993155]
[1.1], [0.89120736], [0.8840484509614135]
[1.12], [0.90010044], [0.8892195318691517]
[1.13], [0.90441219], [0.8916958945196758]
[1.14], [0.9086335], [0.8940987644714498]
[1.15], [0.91276394], [0.8964303259887275]
[1.16], [0.91680311], [0.8986927108604547]
[1.17], [0.9207506], [0.9008879985263128]
[1.18], [0.92460601], [0.9030182163014481]
[1.2], [0.93203909], [0.9070716258307133]
[1.21], [0.935616], [0.9090187069058527]
[1.23], [0.9424888], [0.9127211506730037]
[1.24], [0.945784], [0.9145014982744895]
[1.25], [0.94898462], [0.9162295229422963]
[1.26], [0.95209034], [0.9179068528801648]
[1.27], [0.95510086], [0.9195350694416962]
[1.28], [0.95801586], [0.9211157079618584]
[1.3], [0.96355819], [0.9241187435008479]
[1.31], [0.96618495], [0.9255658569616979]
[1.32], [0.9687151], [0.926971079841054]
[1.33], [0.97114838], [0.9283357310101622]
[1.34], [0.97348454], [0.929661088793285]
[1.35], [0.97572336], [0.9309483919249031]
[1.36], [0.9778646], [0.9321988405113008]
[1.37], [0.97990806], [0.9334135969938303]
[1.38], [0.98185353], [0.9345937871113614]
[1.4], [0.98544973], [0.9368366096270482]
[1.41], [0.9871001], [0.9379198567896117]
[1.42], [0.98865176], [0.938972683487573]
[1.43], [0.99010456], [0.939996046440552]
[1.44], [0.99145835], [0.9409908713048696]
[1.45], [0.99271299], [0.9419580535768466]
[1.46], [0.99386836], [0.9428984594821216]
[1.47], [0.99492435], [0.9438129268500399]
[1.48], [0.99588084], [0.9447022659722967]
[1.49], [0.99673775], [0.9455672604451298]
[1.5], [0.99749499], [0.946408667994476]
[1.51], [0.99815247], [0.9472272212835934]
[1.52], [0.99871014], [0.9480236287027635]
[1.53], [0.99916795], [0.948798575140757]
[1.55], [0.99978376], [0.9502756881054589]
[1.56], [0.99994172], [0.9509903271183813]
[1.57], [0.99999968], [0.9516860196607277]
RMSE = 0.03238221140356765


# run_XOR
Sample [1. 1.] expected [0.] produced [0.567529377785357]
Sample [0. 0.] expected [0.] produced [0.5394662104670418]
Sample [1. 0.] expected [1.] produced [0.5555634936125645]
Sample [0. 1.] expected [1.] produced [0.5500036184268001]
Epoch 0 RMSE = 0.5032727735840542
Epoch 100 RMSE = 0.5006786524785041
Epoch 200 RMSE = 0.500509050916049
Epoch 300 RMSE = 0.500448084599122
Epoch 400 RMSE = 0.5003844803219304
Epoch 500 RMSE = 0.5003150582615977
Epoch 600 RMSE = 0.5002384015613419
Epoch 700 RMSE = 0.5001508846485894
Epoch 800 RMSE = 0.5000542455184998
Epoch 900 RMSE = 0.4999445832236655
Sample [0. 1.] expected [1.] produced [0.5003390256663592]
Sample [1. 0.] expected [1.] produced [0.5122139264952034]
Sample [0. 0.] expected [0.] produced [0.5006950621270826]
Sample [1. 1.] expected [0.] produced [0.5108558160463279]
Epoch 1000 RMSE = 0.49981635447533945
Epoch 1100 RMSE = 0.49967657817713884
Epoch 1200 RMSE = 0.4995166806398166
Epoch 1300 RMSE = 0.4993350685223234
Epoch 1400 RMSE = 0.4991317096582506
Epoch 1500 RMSE = 0.49889616213488225
Epoch 1600 RMSE = 0.49862154414460863
Epoch 1700 RMSE = 0.49831243185438057
Epoch 1800 RMSE = 0.49795657301651913
Epoch 1900 RMSE = 0.49754858817632835
Sample [1. 0.] expected [1.] produced [0.5168782459300911]
Sample [0. 0.] expected [0.] produced [0.49128036120570373]
Sample [1. 1.] expected [0.] produced [0.5157383363384451]
Sample [0. 1.] expected [1.] produced [0.5023812719813633]
Epoch 2000 RMSE = 0.49708486514025585
Epoch 2100 RMSE = 0.49654482432649966
Epoch 2200 RMSE = 0.49593372179761935
Epoch 2300 RMSE = 0.49523081817580006
Epoch 2400 RMSE = 0.4944277186917726
Epoch 2500 RMSE = 0.49351412919436854
Epoch 2600 RMSE = 0.49247415859874355
Epoch 2700 RMSE = 0.49130869513849773
Epoch 2800 RMSE = 0.48999299329472334
Epoch 2900 RMSE = 0.4885210583046669
Sample [0. 0.] expected [0.] produced [0.4685780262615378]
Sample [0. 1.] expected [1.] produced [0.5198982813014144]
Sample [1. 1.] expected [0.] produced [0.5261663232729743]
Sample [1. 0.] expected [1.] produced [0.5295195877494799]
Epoch 3000 RMSE = 0.4868947127076124
Epoch 3100 RMSE = 0.48508798075923565
Epoch 3200 RMSE = 0.4831162413813166
Epoch 3300 RMSE = 0.480964536399314
Epoch 3400 RMSE = 0.4786271815525798
Epoch 3500 RMSE = 0.4761229145186417
Epoch 3600 RMSE = 0.47343581545197105
Epoch 3700 RMSE = 0.47056739420252264
Epoch 3800 RMSE = 0.4675374673900342
Epoch 3900 RMSE = 0.46432993768480607
Sample [0. 1.] expected [1.] produced [0.5539520657353351]
Sample [1. 0.] expected [1.] produced [0.5604214637854479]
Sample [0. 0.] expected [0.] produced [0.4318085759924674]
Sample [1. 1.] expected [0.] produced [0.5208035741085953]
Epoch 4000 RMSE = 0.46094551149437196
Epoch 4100 RMSE = 0.4574021283142698
Epoch 4200 RMSE = 0.4536789400316912
Epoch 4300 RMSE = 0.44977370266221384
Epoch 4400 RMSE = 0.4456881538099486
Epoch 4500 RMSE = 0.44140630858007507
Epoch 4600 RMSE = 0.4369102808758073
Epoch 4700 RMSE = 0.43219864053713164
Epoch 4800 RMSE = 0.42723747018944164
Epoch 4900 RMSE = 0.42201834662439885
Sample [1. 0.] expected [1.] produced [0.5970344273267595]
Sample [0. 0.] expected [0.] produced [0.3832404198551882]
Sample [1. 1.] expected [0.] produced [0.46942801520411215]
Sample [0. 1.] expected [1.] produced [0.5946104656821709]
Epoch 5000 RMSE = 0.41652065019742784
Epoch 5100 RMSE = 0.41072307610690106
Epoch 5200 RMSE = 0.4046112815224791
Epoch 5300 RMSE = 0.3981789672680624
Epoch 5400 RMSE = 0.39141824771406236
Epoch 5500 RMSE = 0.38432956342554375
Epoch 5600 RMSE = 0.3769457129880407
Epoch 5700 RMSE = 0.3692860651229909
Epoch 5800 RMSE = 0.3613867416186622
Epoch 5900 RMSE = 0.3533025056608346
Sample [1. 0.] expected [1.] produced [0.6617457293447313]
Sample [0. 0.] expected [0.] produced [0.3303639931085703]
Sample [0. 1.] expected [1.] produced [0.6624624164078696]
Sample [1. 1.] expected [0.] produced [0.3726058141591921]
Epoch 6000 RMSE = 0.34508079946644965
Epoch 6100 RMSE = 0.33678239063087184
Epoch 6200 RMSE = 0.32847348038755975
Epoch 6300 RMSE = 0.32020944101626847
Epoch 6400 RMSE = 0.3120431521622344
Epoch 6500 RMSE = 0.30402258396174014
Epoch 6600 RMSE = 0.29619007724976826
Epoch 6700 RMSE = 0.2885779861572407
Epoch 6800 RMSE = 0.28121406442802593
Epoch 6900 RMSE = 0.27410652817424314
Sample [0. 0.] expected [0.] produced [0.2793337602965001]
Sample [1. 0.] expected [1.] produced [0.7374259252275523]
Sample [0. 1.] expected [1.] produced [0.7381923539050708]
Sample [1. 1.] expected [0.] produced [0.2650125859164814]
Epoch 7000 RMSE = 0.26727673328962703
Epoch 7100 RMSE = 0.260719863920122
Epoch 7200 RMSE = 0.25444503599577056
Epoch 7300 RMSE = 0.2484437465065879
Epoch 7400 RMSE = 0.2427119676163514
Epoch 7500 RMSE = 0.23724051584656627
Epoch 7600 RMSE = 0.2320202656092928
Epoch 7700 RMSE = 0.22703999452673973
Epoch 7800 RMSE = 0.222292110428094
Epoch 7900 RMSE = 0.2177623006678609
Sample [0. 0.] expected [0.] produced [0.2418398038337626]
Sample [0. 1.] expected [1.] produced [0.7922209504398643]
Sample [1. 1.] expected [0.] produced [0.19311284879311144]
Sample [1. 0.] expected [1.] produced [0.7919754355438221]
Epoch 8000 RMSE = 0.2134393449792234
Epoch 8100 RMSE = 0.209312660417389
Epoch 8200 RMSE = 0.20537121875368153
Epoch 8300 RMSE = 0.20160555288836424
Epoch 8400 RMSE = 0.1980050568005137
Epoch 8500 RMSE = 0.19455966127677016
Epoch 8600 RMSE = 0.19126177827707525
Epoch 8700 RMSE = 0.1881027924853981
Epoch 8800 RMSE = 0.18507384357358841
Epoch 8900 RMSE = 0.1821679294140635
Sample [1. 1.] expected [0.] produced [0.1501851575084369]
Sample [0. 0.] expected [0.] produced [0.21480809061512793]
Sample [1. 0.] expected [1.] produced [0.8266657125863932]
Sample [0. 1.] expected [1.] produced [0.826903096895354]
Epoch 9000 RMSE = 0.17937768143441998
Epoch 9100 RMSE = 0.1766973477648065
Epoch 9200 RMSE = 0.1741201259659846
Epoch 9300 RMSE = 0.17164033264308928
Epoch 9400 RMSE = 0.16925291849549565
Epoch 9500 RMSE = 0.16695281300016632
Epoch 9600 RMSE = 0.16473493578476803
Epoch 9700 RMSE = 0.16259572379313683
Epoch 9800 RMSE = 0.16053023466244573
Epoch 9900 RMSE = 0.15853494335219692
Sample [1. 0.] expected [1.] produced [0.8503365818793351]
Sample [1. 1.] expected [0.] produced [0.12300821650693104]
Sample [0. 1.] expected [1.] produced [0.850304360327318]
Sample [0. 0.] expected [0.] produced [0.19535450396703624]
Epoch 10000 RMSE = 0.15660645485499408
Final Epoch RMSE = 0.15660645485499408
